연번,민방위 대피시설명,시설구분,시설 주소,위도,경도,시설 면적,대피가능 인원수,개방여부,평상시 활용 유형,관리기관 전화번호,관리기관명
1,동부주공아파트,공공용,충청북도 괴산군 괴산읍 남산1길 25,36.80512719,127.7940712,2000,2424,Y,,,동부주공아파트
2,문무아파트 2단지,공공용,충청북도 괴산군 괴산읍 대덕리 557,36.82222167,127.8033575,4410,5345,Y,,,문무아파트 2단지
3,보건소,정부지원,충청북도 괴산군 괴산읍 동진천길 43,36.80799723,127.7966873,706,855,Y,,,보건소
4,문무아파트 1단지,공공용,충청북도 괴산군 괴산읍 서부리 902,36.80095898,127.7891235,3273,3967,Y,,,문무아파트 1단지
5,두진백로 아파트,공공용,충청북도 괴산군 괴산읍 읍내로 111-1,36.79828443,127.7821167,1907,2311,Y,,,두진백로 아파트
6,괴산읍사무소,정부지원,충청북도 괴산군 괴산읍 읍내로 13길 50,36.81185074,127.7906627,397,481,Y,,,괴산읍사무소
7,괴산농협,공공용,충청북도 괴산군 괴산읍 읍내로 16길 19,36.81005319,127.7974999,1772,2147,Y,,,괴산농협
8,태광아파트,공공용,"충청북도 괴산군 괴산읍 읍내로4길 51, 101동",36.80807919,127.7885268,2390,2897,Y,,,태광아파트
9,괴산군청,정부지원,"충청북도 괴산군 괴산읍 임꺽정로 90, 괴산군청",36.81574898,127.787533,694,841,Y,,,괴산군청
10,칠성면사무소,정부지원,충청북도 괴산군 칠성면 도정로 61,36.78813245,127.8636186,25,30,Y,,,칠성면사무소
11,신성미소지움 아파트,공공용,충청북도 단양군 단양읍 별곡3로 39-16,36.98882907,128.3635409,3652,4427,Y,지하주차장,043-421-1760,신성미소지움 아파트 관리사무소
12,성원아파트,공공용,충청북도 단양군 단양읍 별곡7길 12,36.98575012,128.3702068,1265,1522,Y,지하주차장,043-423-3618,성원아파트 관리사무소
13,부강아파트,공공용,충청북도 단양군 단양읍 별곡7길 4,36.9851057,128.3701459,661,801,Y,지하주차장,043-423-4759,부강아파트 관리사무소
14,㈜대명콘도 단양,공공용,충청북도 단양군 단양읍 삼봉로 187-17,36.97745496,128.3619453,8396,10177,Y,지하주차장,043-420-8328,(주) 대명콘도 단양 시설팀
15,두진아파트,공공용,충청북도 단양군 단양읍 상진2로 17,36.97834585,128.3584259,165,200,Y,기타(지하실),043-421-5174,두진아파트 관리사무소
16,다누리센터,공공용,충청북도 단양군 단양읍 수변로 111,36.98541224,128.3707534,1087,1318,Y,지하주차장,043-420-2950,단양군청 다누리센터관리사업소
17,단양군청,공공용,충청북도 단양군 단양읍 중앙1로 10,36.98455537,128.3662994,476,577,Y,기타(충무시설),043-420-2855,단양군청 안전건설과
18,단양교육지원청,공공용,충청북도 단양군 단양읍 중앙1로 15,36.98601985,128.3665053,86,104,Y,교육장,043-420-6114,단양교육지원청 운영지원과
19,㈜성신양회,공공용,충청북도 단양군 매포읍 매포길 18,37.01026417,128.3332474,353,428,Y,기타(지하실),043-420-4212,㈜성신양회 비상계획관
20,㈜한일시멘트,공공용,충청북도 단양군 매포읍 평동1길 80,37.02548842,128.3105352,895,1085,Y,지하주차장,043-420-5700,㈜한일시멘트 비상계획관
21,태양드림빌 아파트,공공용,충청북도 단양군 매포읍 평동38길 19,37.03084077,128.2963996,3575,4333,Y,지하주차장,043-422-7426,태양드림빌 관리사무소
22,한라아파트,공공용,충청북도 단양군 매포읍 평동4로 126,37.03357678,128.2976689,1388,1682,Y,지하주차장,043-422-7554,한라아파트 관리사무소
23,㈜한일시멘트 독신료,공공용,충청북도 단양군 매포읍 평동로 7,37.02501181,128.308329,495,600,Y,체육관,043-420-5700,㈜한일시멘트 비상계획관
24,보은군공공실버주택,공공용,충청북도 보은군 보은읍 군청길 110-17,36.485641,127.723431,742,899,y,지하주차장,043-540-3487,보은군청
25,보은군청,공공용,충청북도 보은군 보은읍 군청길 38,36.48970363,127.7297482,225,273,y,지하창고,043-540-3487,보은군청
26,거성아파트,공공용,충청북도 보은군 보은읍 남부로 4515,36.48592561,127.7210159,612,720,y,지하주차장,043-540-3487,보은군청
27,로얄팔레스,공공용,충청북도 보은군 보은읍 뱃들로 29,36.48809073,127.7259731,869,1053,y,지하창고,043-540-3487,보은군청
28,보은교회,공공용,충청북도 보은군 보은읍 보은로 136,36.48617495,127.7185229,158,192,y,지하창고,043-542-1973,보은교회
29,동진아파트,공공용,충청북도 보은군 보은읍 보은로 235,36.49523868,127.7170129,590,715,y,지하주차장,043-540-3487,보은군청
30,보은중앙교회,공공용,충청북도 보은군 보은읍 보청대로 1899,36.48831186,127.716824,187,226,y,지하창고,043-543-6447,보은중앙교회
31,신한헤센아파트,공공용,충청북도 보은군 보은읍 보청대로 1966,36.48525929,127.7107162,9774,11847,y,지하주차장,043-544-8188,신한헤센아파트
32,보은교육지원청,공공용,충청북도 보은군 보은읍 장신로 26,36.48125282,127.7134337,306,371,y,지하창고,043-540-5514,보은교육지원청
33,보은국토관리사무소,공공용,충청북도 보은군 보은읍 장신로 54,36.48102841,127.7093564,76,92,y,지하창고,043-540-2371,보은국토관리사무소
34,에스엠아파트,공공용,충청북도 보은군 보은읍 향교1길 8,36.48854794,127.712905,208,252,y,지하주차장,043-540-3487,보은군청
35,서한감고을아파트,공공용,충청북도 영동군 영동읍 기골로 7,36.17510799,127.781694,1812,2196,y,주차장,043-743-0116,서한감고을아파트 관리사무소
36,영동군청,공공용,충청북도 영동군 영동읍 동정로 1,36.1750612,127.7834335,247.5,300,y,구내식당,043-740-3913,영동군청
37,현대아파트 주차장,공공용,충청북도 영동군 영동읍 동정로 39-27,36.17605639,127.7848427,1322,1602,y,주차장,043-743-3960,현대아파트 관리사무소
38,이든팰리스,공공용,충청북도 영동군 영동읍 동정로 56-12,36.17382665,127.7867016,1885,2284,y,주차장,043-745-4330,이든팰리스 관리사무소
39,더웰아파트2차,공공용,충청북도 영동군 영동읍 상부용로 20,36.17889305,127.771853,2931,3552,y,주차장,043-744-5990,더웰아파트2차 관리사무소
40,더웰아파트1차,공공용,충청북도 영동군 영동읍 상부용로 7-50,36.17928527,127.7707607,1662,2014,y,주차장,043-742-2500,더웰아파트1차 관리사무소
41,조한아파트,공공용,충청북도 영동군 영동읍 새심길 18,36.16904121,127.7870528,2412,2923,y,주차장,043-744-8228,조한아파트 관리사무소
42,영동경찰서,공공용,충청북도 영동군 영동읍 영산로 32,36.17799191,127.7760374,165,200,y,주차장,043-740-5221,영동경찰서
43,영산타워,공공용,충청북도 영동군 영동읍 영산로 48,36.17911008,127.7750963,412.5,500,y,주차장,043-744-2025,영산타워 관리사무소
44,남성대아파트,공공용,충청북도 영동군 영동읍 학산영동로 1216,36.16944216,127.7721266,8000,9696,y,주차장,043-742-0544,남성대아파트 관리사무소
45,가화현대아파트 비상대피시설,공공용,충청북도 옥천군 옥천읍 가화3길 18,36.304179,127.560977,627,760,Y,기타,043-730-6612,충청북도 옥천군청
46,다산금빛아파트 비상대피시설,공공용,충청북도 옥천군 옥천읍 가화3길 6,36.30409852,127.5624745,1538,1864,Y,지하주차장,043-730-3046,충청북도 옥천군청
47,진달래아파트 비상대피시설,공공용,충청북도 옥천군 옥천읍 관성로1길 18,36.3032818,127.572958,2491,3019,N,기타,043-730-3046,충청북도 옥천군청
48,옥천읍사무소 비상대피시설,공공용,충청북도 옥천군 옥천읍 동부로 15,36.307271,127.574891,1462,1772,Y,지하주차장,043-730-3046,충청북도 옥천군청
49,하늘빛아파트 비상대피시설,공공용,충청북도 옥천군 옥천읍 동부로 16,36.30569707,127.5744427,6500,7878,Y,지하주차장,043-730-3046,충청북도 옥천군청
50,문정주공아파트 3단지 비상대피시설,공공용,충청북도 옥천군 옥천읍 문장로2길 10,36.30182933,127.5772299,1828,2215,N,기타,043-730-3046,충청북도 옥천군청
51,문정주공아파트 2단지 비상대피시설,공공용,충청북도 옥천군 옥천읍 문장로2길 9,36.30288528,127.5768102,2452,2972,Y,지하주차장,043-730-3046,충청북도 옥천군청
52,마암현대아파트 비상대피시설,공공용,충청북도 옥천군 옥천읍 성암1길 30,36.29551375,127.5704995,321,389,N,회의및 교육장,043-730-3046,충청북도 옥천군청
53,옥향아파트 비상대피시설,공공용,충청북도 옥천군 옥천읍 성왕로 1274,36.31650152,127.5787757,2247,2723,Y,지하주차장,043-730-3046,충청북도 옥천군청
54,장야주공아파트 1단지 비상대피시설,공공용,충청북도 옥천군 옥천읍 장야2길 6,36.2966219,127.5769466,6198,7512,N,기타,043-730-3046,충청북도 옥천군청
55,옥천군청 비상대피시설,공공용,충청북도 옥천군 옥천읍 중앙로 99,36.306228,127.5718112,1749,2083,Y,지하주차장,043-730-3046,충청북도 옥천군청
56,음성감곡휴먼시아아파트,공공용,충청북도 음성군 감곡면 오향로 31,37.10965288,127.645685,1888,2288,Y,주차장,043-871-3263,충청북도 음성군
57,덕일한마음아파트,공공용,충청북도 음성군 감곡면 음성로 2650-22,37.11147384,127.6448679,2313,2803,Y,주차장,043-871-3263,충청북도 음성군
58,주공1차아파트,공공용,충청북도 음성군 금왕읍 대금로 1457-7,36.9889164,127.5935454,2151,2607,Y,주차장,043-871-3263,충청북도 음성군
59,두진하트리움3차아파트,공공용,충청북도 음성군 금왕읍 대금로 1458-5,36.98807256,127.5943521,7728,9367,Y,주차장,043-871-3263,충청북도 음성군
60,음성금석LH아파트,공공용,충청북도 음성군 금왕읍 대금로 1557-13,36.99101821,127.6020314,10233,12403,Y,주차장,043-871-3263,충청북도 음성군
61,금왕시티프라디움,공공용,충청북도 음성군 금왕읍 대금로 1557-14,36.99235991,127.6046534,23794,28841,Y,주차장,043-871-3263,충청북도 음성군
62,유수장미아파트,공공용,충청북도 음성군 금왕읍 무극로 243,36.99192482,127.5887116,5777,7002,Y,주차장,043-871-3263,충청북도 음성군
63,금왕 주공3차아파트,공공용,충청북도 음성군 금왕읍 무극로324번길 15,36.99359474,127.5985739,2459,2980,Y,주차장,043-871-3263,충청북도 음성군
64,대소두진하트리움아파트,공공용,충청북도 음성군 대소면 대금로 552-12,36.96556241,127.4991549,1612,1953,Y,주차장,043-871-3263,충청북도 음성군
65,이안음성대소아파트,공공용,충청북도 음성군 대소면 대금로 686-1,36.96952008,127.5120523,20182,24463,Y,주차장,043-871-3263,충청북도 음성군
66,대소부영아파트,공공용,충청북도 음성군 대소면 대청로 17,36.99154056,127.4499887,4385,5315,Y,주차장,043-871-3263,충청북도 음성군
67,대소웰메이드타운,공공용,충청북도 음성군 대소면 대화1길 44-8,36.96396501,127.4958791,10884,13192,Y,주차장,043-871-3263,충청북도 음성군
68,LH쌍용예가아파트,공공용,충청북도 음성군 맹동면 사예로 20,36.91101982,127.5407624,23808,28858,Y,주차장,043-871-3263,충청북도 음성군
69,천년나무1단지아파트,공공용,충청북도 음성군 맹동면 이수로 31,36.9149942,127.5449695,10577,12820,Y,주차장,043-871-3263,충청북도 음성군
70,영무예다음3차아파트,공공용,충청북도 음성군 맹동면 장성1길 9,36.91050998,127.5371501,27907,33826,Y,주차장,043-871-3263,충청북도 음성군
71,LH이노밸리아파트,공공용,충청북도 음성군 맹동면 학예로 55,36.91403324,127.5430909,25705,31157,Y,주차장,043-871-3263,충청북도 음성군
72,음성삼성휴먼시아아파트,공공용,충청북도 음성군 삼성면 덕정로 29-7,37.01880416,127.494208,2869,3477,Y,주차장,043-871-3263,충청북도 음성군
73,금광포란재아파트,공공용,충청북도 음성군 음성읍 반기문로45-15,36.91997918,127.6880027,9985,12103,Y,주차장,043-871-3263,충청북도 음성군
74,지평더웰아파트,공공용,충청북도 음성군 음성읍 설성공원길 23-7,36.93194589,127.6897939,7247,8784,Y,주차장,043-871-3263,충청북도 음성군
75,음성지평더웰2차아파트,공공용,충청북도 음성군 음성읍 설성공원길 33-9,36.93290212,127.6896049,3718,4506,Y,주차장,043-871-3263,충청북도 음성군
76,삼보아파트,공공용,충청북도 음성군 음성읍 시장로 45,36.93153547,127.6934268,3688,4470,Y,주차장,043-871-3263,충청북도 음성군
77,음성군청 지하,공공용,충청북도 음성군 음성읍 중앙로 173,36.94028132,127.6905138,221.62,268,Y,지하,043-871-3263,충청북도 음성군
78,신천 휴먼시아 아파트,공공용,충청북도 음성군 음성읍 중앙로40번길16,36.92718298,127.6913133,2943,3567,Y,주차장,043-871-3263,충청북도 음성군
79,센트럴코아루아파트,공공용,"충청북도 제천시 강저로11나길 13(강제동, 센트럴코아루)",37.12046095,128.2035487,5967,7232,Y,지하주차장,043-641-4624,충청북도 제천시청
80,극동아파트,공공용,"충청북도 제천시 관전로1길 35(신백동, 극동아파트)",37.12947515,128.2256571,1980,2400,Y,지하주차장,043-641-4556,충청북도 제천시청
81,장락 엘크루힐즈아파트,공공용,"충청북도 제천시 내제로 339 (장락동, 장락 엘크루힐즈)",37.14616526,128.2227068,7564,9168,Y,지하주차장,043-641-4363,충청북도 제천시청
82,제천시청,공공용,충청북도 제천시 내토로 295(천남동),37.13301301,128.1914992,490,594,Y,지하식당,043-641-4494,충청북도 제천시청
83,무궁화아파트,공공용,"충청북도 제천시 내토로44길 13(화산동, 무궁화아파트)",37.12622091,128.2140821,371,450,Y,지하주차장,043-641-4624,충청북도 제천시청
84,파라디아아파트,공공용,"충청북도 제천시 내토로57길 19(장락동, 파라디아아파트)",37.14896213,128.2239095,5984,7253,Y,지하주차장,043-641-4365,충청북도 제천시청
85,신안실크밸리스카이시트,공공용,"충청북도 제천시 내토로59길31(장락동,신안실크밸리)",37.15322808,128.2238309,7593,9640,Y,지하주차장,043-641-6002,충청북도 제천시청
86,천일베리굿아파트,공공용,"충청북도 제천시 내토로65길17(장락동, 천일베리굿)",37.15573116,128.2276748,1014,1228,Y,지하주차장,043-641-4362,충청북도 제천시청
87,대원대학교,공공용,"충청북도 제천시 대학로 316(신월동, 대원대학)",37.17579528,128.1905314,754,914,Y,식당,043-641-4524,충청북도 제천시청
88,동현현대아파트,공공용,"충청북도 제천시 독순로 140(동현동, 현대아파트)",37.1362581,128.2186495,677,820,Y,지하주차장,043-641-4457,충청북도 제천시청
89,건양빌딩,공공용,충청북도 제천시 독순로 64(중앙로2가),37.13902992,128.2101767,194,235,Y,지하주차장,043-641-4426,충청북도 제천시청
90,교동두진아파트,공공용,"충청북도 제천시 독순로23길 19(교동, 두진아파트)",37.13782269,128.2203583,1857,2247,Y,지하주차장,043-641-4365,충청북도 제천시청
91,신월동 행복주택아파트,공공용,"충청북도 제천시 복합타운길 135 (신월동, 제천행복주택)",37.16222426,128.1859808,8962,10863,Y,지하주차장,043-641-4524,충청북도 제천시청
92,세명대학교,공공용,"충청북도 제천시 세명로 65(신월동, 세명대학교)",37.17380696,128.196148,992,1202,Y,강의실,043-641-4524,충청북도 제천시청
93,서울병원,공공용,충청북도 제천시 숭문로 57(서부동),37.13873644,128.2064402,206,250,Y,병원,043-641-4494,충청북도 제천시청
94,제천여성문화센터,공공용,"충청북도 제천시 숭의로 48(화산동, 제천시여성회관)",37.13091874,128.2107362,330,400,Y,강의실,043-641-4624,충청북도 제천시청
95,선광로즈웰아파트,공공용,"충청북도 제천시 신백로 30(신백동, 선광로즈웰아파트)",37.12803227,128.2254313,891,1080,Y,지하주차장,043-641-4556,충청북도 제천시청
96,모산로즈웰아파트,공공용,"충청북도 제천시 신죽하로 165(모산동, 로즈웰아파트)",37.16003798,128.2119165,1898,2300,Y,지하주차장,043-641-4403,충청북도 제천시청
97,롯데캐슬아파트,공공용,"충청북도 제천시 신축하로 83-24(장락동, 장락롯데캐슬)",37.15924578,128.2220265,7345,8903,Y,지하주차장,043-641-4365,충청북도 제천시청
98,하소현대아파트,공공용,"충청북도 제천시 용두대로15길 38(하소동, 현대아파트)",37.1412927,128.1967432,2686,3257,Y,지하주차장,043-641-4524,충청북도 제천시청
99,청구아파트,공공용,"충청북도 제천시 용두대로15길 47(하소동, 청구아파트)",37.13964911,128.1967578,2478,3006,Y,지하주차장,043-641-4524,충청북도 제천시청
100,제천그린코아루아파트,공공용,"충청북도 제천시 용두대로7길 25(하소동, 그린코아루아파트)",37.13336243,128.1961682,7724,9362,Y,지하주차장,043-641-4524,충청북도 제천시청
101,하소힐스테이트아파트,공공용,"충청북도 제천시 용두대로7길 36(하소동, 힐스테이트아파트)",37.13703847,128.1965321,8067,9778,Y,지하주차장,043-641-4524,충청북도 제천시청
102,성우한솔아파트,공공용,"충청북도 제천시 용두천로 257(청전동, 성우한솔아파트)",37.14920242,128.2194786,942,1142,Y,지하주차장,043-641-4586,충청북도 제천시청
103,고암두진백로아파트,공공용,"충청북도 제천시 용두천로 384(고암동, 고암두진백로아파트)",37.15924183,128.2192616,5445,6600,Y,지하주차장,043-641-4403,충청북도 제천시청
104,보미파란채아파트,공공용,"충청북도 제천시 용두천로46길 12(고암동, 보미파란채)",37.15792614,128.218583,5870,7115,Y,지하주차장,043-641-4403,충청북도 제천시청
105,코아루아파트,공공용,"충청북도 제천시 원뜰로 14(천남동, 코아루아파트)",37.13161544,128.1953574,6340,7684,Y,지하주차장,043-641-4494,충청북도 제천시청
106,신원아침도시더퍼스트아파트,공공용,"충청북도 제천시 원뜰로 25, 신원아침도시더퍼스트아파트 (천남동)",37.13218549,128.1938527,13504,16368,Y,지하주차장,043-641-4494,충청북도 제천시청
107,서희스타힐스아파트,공공용,"충청북도 제천시 원화산로 43(화산동, 서희스타힐스)",37.12588207,128.2119748,7991,9686,Y,지하주차장,043-641-4624,충청북도 제천시청
108,제천역지하도,공공용,충청북도 제천시 의림대로 1(영천동),37.12845259,128.2041118,132,160,Y,지하도,043-641-4494,충청북도 제천시청
109,제천시민회관,공공용,"충청북도 제천시 의림대로 125(중앙로2가, 제천시민회관)",37.13923285,128.2107742,330,400,Y,"회의,교육장",043-641-4426,충청북도 제천시청
110,유안타증권,공공용,충청북도 제천시 의림대로 167(의림동),37.1425133,128.2126497,1227,1336,Y,지하주차장,043-641-4426,충청북도 제천시청
111,삼익상가,공공용,"충청북도 제천시 의림대로2길 9(화산동, 삼익상가아파트)",37.12884924,128.2069268,1138,1380,Y,지하주차장,043-641-4624,충청북도 제천시청
112,장미아파트,공공용,"충청북도 제천시 의병대로36길 28(신백동, 장미아파트)",37.13011485,128.2268782,578,700,Y,지하주차장,043-641-4556,충청북도 제천시청
113,덕일한마음2차아파트,공공용,"충청북도 제천시 의병대포35길 28(신백동, 덕일한마음2차아파트)",37.1342961,128.2275174,3544,4295,Y,지하주차장,043-641-4556,충청북도 제천시청
114,장락로즈웰아파트,공공용,"충청북도 제천시 장락로 169(장락동, 로즈웰아파트)",37.15774194,128.2263069,1517,1836,Y,지하주차장,043-641-4365,충청북도 제천시청
115,장락e-편한세상아파트,공공용,"충청북도 제천시 장락로 62(장락동, 장락e-편한세상)",37.1474164,128.2231186,6557,7947,Y,지하주차장,043-641-4365,충청북도 제천시청
116,장락주공1단지아파트,공공용,"충청북도 제천시 죽하로 30(장락동, 장락주공아파트1단지)",37.15516552,128.2255674,4827,5839,Y,지하주차장,043-641-4365,충청북도 제천시청
117,장락주공2단지아파트,공공용,"충청북도 제천시 죽하로 48(장락동, 장락주공아파트2단지)",37.15557728,128.2254795,1967,2383,Y,지하주차장,043-641-4365,충청북도 제천시청
118,청전두진백로2차아파트,공공용,"충청북도 제천시 청전대로 100(청전동, 두진백로2차아파트)",37.14801301,128.2096381,1262,1530,Y,지하주차장,043-641-4586,충청북도 제천시청
119,청전지하상가,공공용,충청북도 제천시 청전대로 166(청전동),37.15120283,128.2152514,578,700,Y,지하상가,043-641-4586,충청북도 제천시청
120,미림청솔아파트,공공용,"충청북도 제천시 청전대로 211(장락동, 미림청솔아파트)",37.15278041,128.2213055,1394,1687,Y,지하주차장,043-641-4365,충청북도 제천시청
121,이형아파트,공공용,"충청북도 제천시 청전대로14길 30(청전동, 이형아파트)",37.14849455,128.2136548,598,725,Y,지하주차장,043-641-4586,충청북도 제천시청
122,휴먼시아3단지아파트,공공용,"충청북도 제천시 청풍호로10길 16(강제동, 강저휴먼시아3단지)",37.11994786,128.2011912,3323,4030,Y,지하주차장,043-641-4624,충청북도 제천시청
123,강저코아루파크아파트,공공용,"충청북도 제천시 청풍호로10길 31(강제동, 강저코아루파크)",37.12038268,128.1977551,1393,1688,Y,지하주차장,043-641-4624,충청북도 제천시청
124,강저롯데캐슬 프리미어아파트,공공용,"충청북도 제천시 청풍호로10길53(강제동,롯데캐슬프리미어)",37.12277658,128.1980314,7443,9021,Y,지하주차장,043-641-4624,충청북도 제천시청
125,휴먼시아2단지아파트,공공용,"충청북도 제천시 청풍호로7길 110(강제동, 제천강저2휴먼시아)",37.12121752,128.2060585,1473,1786,Y,지하주차장,043-641-4624,충청북도 제천시청
126,휴먼시아아파트,공공용,"충청북도 제천시 청풍호로7길 20(영천동, 휴먼시아1단지아파트)",37.12471179,128.2058664,5400,6545,Y,지하주차장,043-641-4494,충청북도 제천시청
127,청전두진백로1차아파트,공공용,"충청북도 제천시 칠성로 19(청전동, 두진백로1차아파트)",37.14604136,128.2093115,1295,1570,Y,지하주차장,043-641-4586,충청북도 제천시청
128,청전덕일한마음아파트,공공용,"충청북도 제천시 칠성로 5(청전동, 덕일한마음아파트)",37.14760344,128.2077471,1559,1890,Y,지하주차장,043-641-4586,충청북도 제천시청
129,신백덕일한마음아파트,공공용,"충청북도 제천시 탑안로4길 11(신백동, 덕일한마음아파트)",37.13506546,128.2290919,4500,5454,Y,지하주차장,043-641-4556,충청북도 제천시청
130,한국전력공사제천지점,공공용,"충청북도 제천시 풍양로 57(의림동, 한국전력제천지점)",37.13930026,128.2066382,1448,1756,Y,지하주차장,043-641-4426,충청북도 제천시청
131,농협중앙회제천시지부,공공용,"충청북도 제천시 풍양로 92(명동, 농협중앙회제천시지부)",37.13746463,128.2099357,545,660,Y,지하주차장,043-641-4426,충청북도 제천시청
132,증평군청,공공용,충청북도 증평군 증평읍 광장로 88,36.78537913,127.5815198,350,424,Y,지하주차장 및 대피소,043-835-4722,증평군청
133,대성베르힐A,공공용,충청북도 증평군 증평읍 북부두름길 80,36.78928811,127.5888815,8000,9696,Y,지하주차장 및 대피소,043-835-4722,증평군청
134,동진A,공공용,충청북도 증평군 증평읍 삼일로5길 4,36.78064744,127.5838746,1136,1376,Y,지하주차장 및 대피소,043-835-4722,증평군청
135,대광로제비앙A,공공용,충청북도 증평군 증평읍 송산로 105,36.79304719,127.5799398,23589,28592,Y,지하주차장 및 대피소,043-835-4722,증평군청
136,지평더웰A,공공용,충청북도 증평군 증평읍 송산로 11,36.78916215,127.5729179,7000,8484,Y,지하주차장 및 대피소,043-835-4722,증평군청
137,휴먼시아1단지A,공공용,충청북도 증평군 증평읍 송산로 35,36.78955566,127.5744315,3580,4339,Y,지하주차장 및 대피소,043-835-4722,증평군청
138,휴먼시아2단지A,공공용,충청북도 증평군 증평읍 송산로 53,36.79025507,127.5766169,4063,4924,Y,지하주차장 및 대피소,043-835-4722,증평군청
139,천년나무3단지A,공공용,충청북도 증평군 증평읍 송산로4길 14,36.79172487,127.5834867,2414,2926,Y,지하주차장 및 대피소,043-835-4722,증평군청
140,삼일A,공공용,충청북도 증평군 증평읍 장뜰로 110,36.78700268,127.5874533,3109,3768,Y,지하주차장 및 대피소,043-835-4722,증평군청
141,삼일무지개A,공공용,충청북도 증평군 증평읍 진지내6길 20,36.78347097,127.5929967,895,1084,Y,지하주차장 및 대피소,043-835-4722,증평군청
142,파라디아2차A,공공용,충청북도 증평군 증평읍 창신로 8-1,36.78335409,127.5737613,2403,2912,Y,지하주차장 및 대피소,043-835-4722,증평군청
143,한라비발디A,공공용,충청북도 증평군 증평읍 초중6길 8,36.77560174,127.5690666,7300,8848,Y,지하주차장 및 대피소,043-835-4722,증평군청
144,파라디아1차A,공공용,충청북도 증평군 증평읍 충청대로 1746,36.78562051,127.5789569,7400,8969,Y,지하주차장 및 대피소,043-835-4722,증평군청
145,광혜원코아루아파트,공공용,충청북도 진천군 광혜원면 구암길 11,36.99063401,127.4368599,10435,12648,Y,지하주차장,043-539-3692,충청북도 진천군
146,광혜원면사무소,공공용,충청북도 진천군 광혜원면 화랑길 86,36.99347623,127.4358202,275,333,Y,대피시설,043-539-3692,충청북도 진천군
147,우미린스테이아파트,공공용,충청북도 진천군 덕산읍 대하로 150,36.90385935,127.5364886,5326,6456,Y,지하주차장,043-539-3692,충청북도 진천군
148,영무2차아파트,공공용,충청북도 진천군 덕산읍 대하로 195,36.9063201,127.5397963,19639,23804,Y,지하주차장,043-539-3692,충청북도 진천군
149,영무1차아파트,공공용,충청북도 진천군 덕산읍 대하로 87,36.90234751,127.5304282,26572,32208,Y,지하주차장,043-539-3692,충청북도 진천군
150,덕산읍사무소,공공용,충청북도 진천군 덕산읍 덕금로 829,36.91373821,127.5091993,120,145,Y,대피시설,043-539-3692,충청북도 진천군
151,천년나무7단지아파트,공공용,충청북도 진천군 덕산읍 연미로 131,36.90586892,127.5296267,19634,23798,Y,지하주차장,043-539-3692,충청북도 진천군
152,천년나무4단지아파트,공공용,충청북도 진천군 덕산읍 연미로 87,36.90403822,127.528243,24612,29832,Y,지하주차장,043-539-3692,충청북도 진천군
153,이월면사무소,공공용,충청북도 진천군 이월면 진광로 729,36.9258027,127.4284088,89,108,Y,대피시설,043-539-3692,충청북도 진천군
154,영화블렌하임아파트,공공용,충청북도 진천군 진천읍 농다리로 1422,36.84755242,127.4570412,2560,3103,Y,지하주차장,043-539-3692,충청북도 진천군
155,지안스필유아파트,공공용,충청북도 진천군 진천읍 대촌1길 16,36.86233648,127.4469109,3517,4263,Y,지하주차장,043-539-3692,충청북도 진천군
156,우주동백3차 아파트 지하주차장,공공용,충청북도 진천군 진천읍 덕금로 55,36.86628529,127.4549323,2060,2497,Y,지하주차장,043-539-3692,충청북도 진천군
157,대명루첸아파트,공공용,충청북도 진천군 진천읍 문화2길 36,36.85200976,127.4459941,45672,55360,Y,지하주차장,043-539-3692,충청북도 진천군
158,벽암휴먼시아,공공용,충청북도 진천군 진천읍 문화로 237-19,36.86095606,127.437205,3289,3987,Y,지하주차장,043-539-3692,충청북도 진천군
159,진천군청,공공용,충청북도 진천군 진천읍 상산로 13,36.8553694,127.4356936,862,1045,Y,대피시설,043-539-3692,충청북도 진천군
160,진천읍사무소,공공용,충청북도 진천군 진천읍 상산로 65,36.85498297,127.441275,165,200,Y,대피시설,043-539-3692,충청북도 진천군
161,부영1차아파트,공공용,충청북도 진천군 진천읍 장관2길 139,36.87195027,127.437954,13336,16164,Y,지하주차장,043-539-3692,충청북도 진천군
162,우주동백2차 아파트 지하 비상대피시설,공공용,충청북도 진천군 진천읍 장관2길 153,36.87065167,127.4392072,1322,1602,Y,지하주차장,043-539-3692,충청북도 진천군
163,남해오네뜨아파트,공공용,충청북도 진천군 진천읍 장관2길 159,36.87205292,127.4400474,5490,6655,Y,지하주차장,043-539-3692,충청북도 진천군
164,진도쇼핑 지하주차장,공공용,충청북도 진천군 진천읍 중앙동로 91,36.85794917,127.4442345,714,865,Y,지하주차장,043-539-3692,충청북도 진천군
165,터미널 지하대피소,공공용,충청북도 진천군 진천읍 중앙북1길 3,36.85963968,127.4383951,1322,1602,Y,지하주차장,043-539-3692,충청북도 진천군
166,교성주공아파트 지하주차장,공공용,충청북도 진천군 진천읍 중앙서로 89,36.85148989,127.4413894,7934,9617,Y,지하주차장,043-539-3692,충청북도 진천군
167,부영2차아파트,공공용,충청북도 진천군 진천읍 진광로 97-13,36.8736409,127.4398569,16241,19686,Y,지하주차장,043-539-3692,충청북도 진천군
168,롯데시네마(용암동),공공용,충청북도 청주시 상당구 1순환로 1233 (용암동),36.60702139,127.503085,2889,2020,Y,,043-201-5015,청주시 상당구청
169,용암지하도,공공용,충청북도 청주시 상당구 1순환로 1265 (용암동),36.6091303,127.5055801,336,235,Y,,043-201-5015,청주시 상당구청
170,ABL생명빌딩,공공용,충청북도 청주시 상당구 교서로 1 (영동),36.63690216,127.4858854,621,434,Y,,043-201-5015,청주시 상당구청
171,덕성아파트(지하주차장),공공용,"충청북도 청주시 상당구 꽃산동로 15-1 (금천동, 덕성아파트)",36.62473124,127.5096753,705,493,Y,,043-201-5015,청주시 상당구청
172,"우미린아파트(101,106동 사이 지하주차장)",공공용,"충청북도 청주시 상당구 꽃산동로 25 (금천동, 금천우미린)",36.62400432,127.5102384,1710,1196,Y,,043-201-5015,청주시 상당구청
173,수정아파트(101동 옆 지하주차장 ),공공용,충청북도 청주시 상당구 꽃산동로 40 (금천동),36.62320469,127.5075725,1100,769,Y,,043-201-5015,청주시 상당구청
174,"뉴타운아파트(104동,105동사이 지하주차장)",공공용,충청북도 청주시 상당구 꽃산동로 41 (금천동),36.62218125,127.5083617,2435,1703,Y,,043-201-5015,청주시 상당구청
175,경희아파트(101동 앞 지하주차장),공공용,충청북도 청주시 상당구 꽃산동로 4-2 (금천동),36.62664843,127.5089277,1118,782,Y,,043-201-5015,청주시 상당구청
176,장미아파트(나동 옆 지하주차장),공공용,"충청북도 청주시 상당구 꽃산서로8번길 15 (금천동, 장미아파트)",36.62487056,127.505741,495,346,Y,,043-201-5015,청주시 상당구청
177,상당구청,공공용,충청북도 청주시 상당구 남일면 단재로 466 (상당구청),36.58974701,127.5051362,5705.26,3990,Y,,043-201-5015,청주시 상당구청
178,신라송림아파트(지하주차장),공공용,충청북도 청주시 상당구 단재로77번길 21-22 (영운동),36.6227406,127.4971011,6379,4461,Y,,043-201-5015,청주시 상당구청
179,두산하이츠타운아파트(지하주차장),공공용,"충청북도 청주시 상당구 단재로95번길 40 (영운동, 두산하이츠타운)",36.62104234,127.4989548,585.85,410,Y,,043-201-5015,청주시 상당구청
180,세원아파트(지하주차장 ),공공용,충청북도 청주시 상당구 무농정로 90 (용암동),36.60938419,127.5111257,3234,2262,Y,,043-201-5015,청주시 상당구청
181,우민타워,공공용,"충청북도 청주시 상당구 사북로 164 (북문로3가, 대우타워아파트.우민타워)",36.64453409,127.4891181,2441,1707,Y,,043-201-5015,청주시 상당구청
182,홈플러스,공공용,충청북도 청주시 상당구 사직대로 346 (서문동),36.63601581,127.4857948,1650,1154,Y,,043-201-5015,청주시 상당구청
183,대현지하상가,공공용,"충청북도 청주시 상당구 사직대로 지하 367-1 (영동, 대현프리몰)",36.63694329,127.4881666,1454,1017,Y,,043-201-5015,청주시 상당구청
184,상당지하도1,공공용,"충청북도 청주시 상당구 사직대로 지하 370-5, 대현프리몰 (영동)",36.63687691,127.488533,264,185,Y,,043-201-5015,청주시 상당구청
185,국민연금공단 청주지사,공공용,"충청북도 청주시 상당구 사직대로362번길 20 (서문동, 국민연금공단청주지사)",36.63581471,127.4873768,2258,1579,Y,,043-201-5015,청주시 상당구청
186,LH청주탑동아파트 104동 지하주차장,공공용,"충청북도 청주시 상당구 산성로 55 (탑동, 엘에이치청주탑동아파트)",36.63014458,127.5013301,1782,1246,Y,,043-201-5015,청주시 상당구청
187,가좌마을부영5단지아파트,공공용,"충청북도 청주시 상당구 산성로116번길 23 (용담동, 가좌마을5단지부영아파트)",36.63293771,127.5056819,1442,1008,Y,,043-201-5015,청주시 상당구청
188,덕일빌딩,공공용,"충청북도 청주시 상당구 상당로 126 (북문로2가, 수협은행)",36.63938916,127.4903111,574,401,Y,,043-201-5015,청주시 상당구청
189,청주시청(후관),공공용,"충청북도 청주시 상당구 상당로 155 (북문로3가, 청주시청)",36.64161216,127.4896721,1187,830,Y,,043-201-5015,청주시 상당구청
190,한화생명보험(주),공공용,"충청북도 청주시 상당구 상당로 195 (북문로3가, 한화생명빌딩)",36.64579926,127.4891216,4446,3109,Y,,043-201-5015,청주시 상당구청
191,남궁타워,공공용,충청북도 청주시 상당구 상당로 47 (남문로2가),36.63263764,127.4903756,2640,1846,Y,,043-201-5015,청주시 상당구청
192,충북도청,공공용,"충청북도 청주시 상당구 상당로 82 (문화동, 충청북도청)",36.63538716,127.4914262,825,577,Y,,043-201-5015,청주시 상당구청
193,신일아파트,공공용,"충청북도 청주시 상당구 상당로5번길 89 (남주동, 신일아파트)",36.62855409,127.4858866,2062,1442,Y,,043-201-5015,청주시 상당구청
194,청주시청 제2청사,공공용,"충청북도 청주시 상당구 상당로69번길 38, 청주시청 제2청사 (북문로1가)",36.63464982,127.4884116,489,342,Y,,043-201-5015,청주시 상당구청
195,상당지하도2,공공용,충청북도 청주시 상당구 상당로91번길 2 (북문로1가),36.63648494,127.4900646,264,185,Y,,043-201-5015,청주시 상당구청
196,금천동주민센터(지하 1층),공공용,"충청북도 청주시 상당구 쇠내로 50 (금천동, 금천동주민센터)",36.624425,127.4994283,158.4,111,Y,,043-201-5015,청주시 상당구청
197,"삼일아파트(102동,103동 지하주차장)",공공용,충청북도 청주시 상당구 수영로 136 (영운동),36.61672145,127.5004517,1818.18,1271,Y,,043-201-5015,청주시 상당구청
198,효성아파트(101동 옆 지하주차장),공공용,충청북도 청주시 상당구 수영로 204 (금천동),36.62244616,127.5036994,1633,1142,Y,,043-201-5015,청주시 상당구청
199,장자마을e그린2차아파트(602동 앞 지하주차장),공공용,"충청북도 청주시 상당구 수영로 294 (금천동, 장자마을부영e그린타운2차아파트)",36.63059044,127.5067041,1600,1119,Y,,043-201-5015,청주시 상당구청
200,"장자마을부영5단지아파트(504동,505동사이 주차장)",공공용,"충청북도 청주시 상당구 수영로 306 (금천동, 장자마을5단지부영아파트)",36.63148849,127.5074255,1710,1196,Y,,043-201-5015,청주시 상당구청
201,세영첼시빌아파트,공공용,"충청북도 청주시 상당구 수영로 327 (용담동, 가좌마을용담세영첼시빌)",36.63313851,127.5093147,1874,1310,Y,,043-201-5015,청주시 상당구청
202,장자마을현대아파트(정문 옆 지하주차장),공공용,"충청북도 청주시 상당구 수영로 328 (금천동, 장자마을현대아파트)",36.63262701,127.5092353,2098,1467,Y,,043-201-5015,청주시 상당구청
203,미림아파트(103동 옆 지하주차장),공공용,충청북도 청주시 상당구 수영로101번길 49 (영운동),36.61784308,127.4951245,589.68,412,Y,,043-201-5015,청주시 상당구청
204,한진신세대아파트(지하주차장),공공용,충청북도 청주시 상당구 영운천로119번길 7 (영운동),36.62070943,127.510324,3325.44,2325,Y,,043-201-5015,청주시 상당구청
205,태암수정아파트(101동 앞 지하주차장),공공용,충청북도 청주시 상당구 영운천로51번길 26 (영운동),36.6185289,127.5043492,5815,4066,Y,,043-201-5015,청주시 상당구청
206,삼진화랑아파트(102동 옆 지하주차장),공공용,충청북도 청주시 상당구 영운천로83번길 25 (영운동),36.62020198,127.5059117,1162.33,813,Y,,043-201-5015,청주시 상당구청
207,모드니아파트,공공용,"충청북도 청주시 상당구 용담로105번길 70 (용담동, 용담모드니아파트)",36.63664179,127.5008847,372,260,Y,,043-201-5015,청주시 상당구청
208,우성아파트 103동 지하주차장,공공용,충청북도 청주시 상당구 용담로63번길 33 (대성동),36.63302754,127.49977,825,577,Y,,043-201-5015,청주시 상당구청
209,우성아파트 108동 지하주차장,공공용,"충청북도 청주시 상당구 용담로63번길 33 (대성동, 우성아파트)",36.63302754,127.49977,825,577,Y,,043-201-5015,청주시 상당구청
210,현대아파트(1103동 1104동 사이 주차장),공공용,"충청북도 청주시 상당구 용암로 23 (용암동, 현대홈타운)",36.61080528,127.5083854,1625,1136,Y,,043-201-5015,청주시 상당구청
211,덕성아파트(105동 맞은편 주차장),공공용,"충청북도 청주시 상당구 용암로 3 (용암동, 덕성그린타운)",36.60939907,127.509333,1633,1142,Y,,043-201-5015,청주시 상당구청
212,임광아파트,공공용,"충청북도 청주시 상당구 용암로 35 (용암동, 용암임광아파트)",36.61155795,127.5068523,924,646,Y,,043-201-5015,청주시 상당구청
213,롯데마트 상당점,공공용,"충청북도 청주시 상당구 용암북로160번길 60 (용암동, 롯데마트)",36.62041408,127.5161307,3503.1,2450,Y,,043-201-5015,청주시 상당구청
214,한라비발디2단지아파트 지하주차장,공공용,"충청북도 청주시 상당구 용정로 35 (용정동, 용정 한라비발디 2단지)",36.63112071,127.5166806,34209,23922,Y,,043-201-5015,청주시 상당구청
215,태산아파트(103동 105동 사이 주차장),공공용,"충청북도 청주시 상당구 원봉로 20 (용암동, 태산그린아파트)",36.61363327,127.511279,1947,1362,Y,,043-201-5015,청주시 상당구청
216,소라아파트(104동 106동 사이 주차장),공공용,"충청북도 청주시 상당구 원봉로 21 (용암동, 용암소라아파트)",36.61212241,127.5097264,1659,1160,Y,,043-201-5015,청주시 상당구청
217,현대2차아파트,공공용,"충청북도 청주시 상당구 원봉로 41 (용암동, 용암현대2차아파트)",36.612939,127.5092668,1039,727,Y,,043-201-5015,청주시 상당구청
218,현대1차아파트,공공용,"충청북도 청주시 상당구 월평로 189 (용암동, 용암현대1차아파트)",36.61057191,127.5064747,871,609,Y,,043-201-5015,청주시 상당구청
219,형석아파트(105동 106동 사이 주차장),공공용,"충청북도 청주시 상당구 월평로 207 (용암동, 용암형석아파트)",36.60879346,127.5076568,1419,992,Y,,043-201-5015,청주시 상당구청
220,효성아파트(101~103동 사이 주차장),공공용,"충청북도 청주시 상당구 월평로 221 (용암동, 효성아파트)",36.60841646,127.5081551,1603,1121,Y,,043-201-5015,청주시 상당구청
221,부영아파트(101~103동 사이 주차장),공공용,충청북도 청주시 상당구 월평로 243 (용암동),36.60730227,127.5107767,2060,1441,Y,,043-201-5015,청주시 상당구청
222,장자마을부영9단지아파트(903동 뒤 지하주차장),공공용,"충청북도 청주시 상당구 중고개로 286 (금천동, 장자마을9단지부영아파트)",36.62862391,127.5097233,2100,1469,Y,,043-201-5015,청주시 상당구청
223,"장자마을부영7단지(702,706동사이지하주차장)",공공용,"충청북도 청주시 상당구 중고개로 288 (금천동, 장자마을7단지부영아파트)",36.62881246,127.5086199,2395,1675,Y,,043-201-5015,청주시 상당구청
224,중앙상가아파트 남동,공공용,"충청북도 청주시 상당구 중앙로 18 (북문로2가, 중앙상가 아파트)",36.63882775,127.4892162,850,594,Y,,043-201-5015,청주시 상당구청
225,중흥마을 부영2차아파트,공공용,"충청북도 청주시 상당구 중흥로 196 (용암동, 중흥마을2단지부영아파트)",36.6198047,127.5153486,2046,1431,Y,,043-201-5015,청주시 상당구청
226,용암1동 주민센터,공공용,충청북도 청주시 상당구 중흥로 29 (용암동),36.60883847,127.5012816,752,526,Y,,043-201-5015,청주시 상당구청
227,현대3차아파트,공공용,"충청북도 청주시 상당구 중흥로 70 (용암동, 용암현대3차아파트)",36.61125578,127.5041587,1716,1200,Y,,043-201-5015,청주시 상당구청
228,건영아파트,공공용,"충청북도 청주시 상당구 중흥로 71 (용암동, 건영아파트)",36.61199609,127.5038327,3451,2413,Y,,043-201-5015,청주시 상당구청
229,현대아파트 지하주차장,공공용,"충청북도 청주시 상당구 탑동로 78 (탑동, 현대아파트)",36.63198632,127.5022275,1498,1048,Y,,043-201-5015,청주시 상당구청
230,장자마을부영8단지(정문 좌측 지하주차장),공공용,"충청북도 청주시 상당구 호미로 261 (금천동, 장자마을부영아파트)",36.62896049,127.5102487,2392,1673,Y,,043-201-5015,청주시 상당구청
231,가좌마을 부영e그린타운아파트,공공용,"충청북도 청주시 상당구 호미로 317 (용담동, 가좌마을부영그린타운1차)",36.63445431,127.5092787,1247,872,Y,,043-201-5015,청주시 상당구청
232,가좌마을 부영2단지아파트,공공용,"충청북도 청주시 상당구 호미로 329 (용담동, 가좌마을2단지부영아파트)",36.63579546,127.5083706,2640,1846,Y,,043-201-5015,청주시 상당구청
233,가좌마을용담e-편한세상아파트,공공용,"충청북도 청주시 상당구 호미로 330 (용담동, 가좌마을용담이-편한세상)",36.63575761,127.5096361,1228,859,Y,,043-201-5015,청주시 상당구청
234,"장자마을부영10단지(1003,1005동사이 지하주차장)",공공용,"충청북도 청주시 상당구 호미로233번길 74 (금천동, 장자마을부영아파트)",36.62763652,127.5105083,1600,1119,Y,,043-201-5015,청주시 상당구청
235,분평주공2단지아파트,공공용,충청북도 청주시 서원구 1순환로1137번길 129 (분평동),36.61220291,127.492294,4214.9,2947,Y,,043-201-6016,청주시 서원구청
236,분평주공3단지아파트,공공용,충청북도 청주시 서원구 1순환로1137번길 130 (분평동),36.61165422,127.4933591,5292.59,3701,Y,,043-201-6016,청주시 서원구청
237,주은프레지던트아파트,공공용,충청북도 청주시 서원구 1순환로1137번길 79 (분평동),36.6102826,127.4920761,2046,1431,Y,,043-201-6016,청주시 서원구청
238,개신뜨란채2단지아파트,공공용,충청북도 청주시 서원구 경신로 68 (개신동),36.62169528,127.4499403,7057.88,4936,Y,,043-201-6016,청주시 서원구청
239,성화호반베르디움아파트,공공용,"충청북도 청주시 서원구 구룡산로 24 (성화동, 성화호반베르디움)",36.61485283,127.4473475,38535,26948,Y,,043-201-6016,청주시 서원구청
240,산남주공4차아파트,공공용,"충청북도 청주시 서원구 구룡산로 275-13 (수곡동, 산남주공2.4단지아파트)",36.61808984,127.4743382,6360.36,4448,Y,,043-201-6016,청주시 서원구청
241,목화맨션,공공용,"충청북도 청주시 서원구 구룡산로 421 (수곡동, 목화맨션)",36.61817552,127.4914421,1652.9,1156,Y,,043-201-6016,청주시 서원구청
242,한국전력공사 충북지역본부,공공용,충청북도 청주시 서원구 구룡산로 51 (성화동),36.61525663,127.4501936,629,440,Y,,043-201-6016,청주시 서원구청
243,덕희아파트,공공용,"충청북도 청주시 서원구 남사로 14 (사직동, 덕희아파트)",36.62975683,127.4781573,1455,1017,Y,,043-201-6016,청주시 서원구청
244,가마힐데스하임아파트,공공용,충청북도 청주시 서원구 남이면 2순환로 1717 (청주가마힐데스하임),36.5985157,127.4701771,9272,6484,Y,,043-201-6016,청주시 서원구청
245,삼포아파트,공공용,충청북도 청주시 서원구 남이면 저산척북로 636-10 (삼포아파트),36.57146994,127.4232695,6137,4292,Y,,043-201-6016,청주시 서원구청
246,가경주공4단지아파트,공공용,"충청북도 청주시 서원구 대림로 459 (죽림동, 청주가경4주공아파트)",36.61172701,127.4427063,3152,2204,Y,,043-201-6016,청주시 서원구청
247,"가경주공3단지(아)301,305",공공용,충청북도 청주시 서원구 대림로 493 (죽림동),36.61314967,127.4439798,4327.29,3026,Y,,043-201-6016,청주시 서원구청
248,산남동 유승한내들아파트(지하주차장),공공용,"충청북도 청주시 서원구 두꺼비로 109 (산남동, 유승한내들아파트)",36.61482273,127.4637078,1531,1071,Y,,043-201-6016,청주시 서원구청
249,산남푸르지오아파트(지하주차장),공공용,"충청북도 청주시 서원구 두꺼비로 53 (산남동, 청주산남푸르지오)",36.60947587,127.4640513,2508,1754,Y,,043-201-6016,청주시 서원구청
250,대원칸타빌1단지아파트(지하주차장),공공용,"충청북도 청주시 서원구 두꺼비로 63 (산남동, 대원칸타빌1단지)",36.61058327,127.4638434,1980,1385,Y,,043-201-6016,청주시 서원구청
251,산남퀸덤아파트(지하주차장),공공용,"충청북도 청주시 서원구 두꺼비로 93 (산남동, 산남퀸덤아파트)",36.61288308,127.4638124,6650,4650,Y,,043-201-6016,청주시 서원구청
252,분평계룡리슈빌1차아파트(지하주차장),공공용,"충청북도 청주시 서원구 매봉로 26-1 (분평동, 분평계룡리슈빌아파트)",36.6123914,127.4778668,571,399,Y,,043-201-6016,청주시 서원구청
253,분평계룡리슈빌2차아파트(지하주차장),공공용,"충청북도 청주시 서원구 매봉로 28 (분평동, 계룡리슈빌2단지아파트)",36.61306967,127.4777145,495,346,Y,,043-201-6016,청주시 서원구청
254,선광임대아파트,공공용,"충청북도 청주시 서원구 매봉로60번길 18 (수곡동, 선광한빛아파트)",36.61503337,127.4788042,307.44,215,Y,,043-201-6016,청주시 서원구청
255,두진백로1차(아)101,공공용,충청북도 청주시 서원구 모충로 38 (개신동),36.62487675,127.468061,3305.8,2312,Y,,043-201-6016,청주시 서원구청
256,두진백로2차(아)103,공공용,충청북도 청주시 서원구 모충로 38 (개신동),36.62487675,127.468061,826.45,578,Y,,043-201-6016,청주시 서원구청
257,삼호아파트 (지하주차장),공공용,충청북도 청주시 서원구 모충로104번길 25 (모충동),36.62799448,127.4753917,838,586,Y,,043-201-6016,청주시 서원구청
258,두산한솔아파트 (지하주차장),공공용,충청북도 청주시 서원구 모충로124번길 53 (모충동),36.62639341,127.4773584,1294,905,Y,,043-201-6016,청주시 서원구청
259,송학삼익(아)103앞,공공용,"충청북도 청주시 서원구 모충로12번길 4 (개신동, 송학아파트)",36.62450185,127.4653085,2383.48,1667,Y,,043-201-6016,청주시 서원구청
260,두산한솔1차(아)101,공공용,충청북도 청주시 서원구 모충로26번길 22 (개신동),36.62366746,127.4666764,1821.5,1274,Y,,043-201-6016,청주시 서원구청
261,두산한솔2차(아)202앞,공공용,충청북도 청주시 서원구 모충로26번길 60 (개신동),36.62339449,127.4682667,2568.61,1796,Y,,043-201-6016,청주시 서원구청
262,서원대학교 (인문사회관 지하),공공용,"충청북도 청주시 서원구 무심서로 377-3 (모충동, 서원대학교)",36.62598136,127.4821185,2976,2081,Y,,043-201-6016,청주시 서원구청
263,분평주공7단지아파트,공공용,충청북도 청주시 서원구 분평로 18 (분평동),36.60835059,127.4868061,2549,1783,Y,,043-201-6016,청주시 서원구청
264,두산위브더제니스,공공용,충청북도 청주시 서원구 사운로 93 (사직동),36.63708076,127.4782697,1901,1329,Y,,043-201-6016,청주시 서원구청
265,현대코아,공공용,"충청북도 청주시 서원구 사직대로 140 (사창동, 현대코아)",36.63461207,127.4626501,5279.36,3692,Y,,043-201-6016,청주시 서원구청
266,서원구청,공공용,충청북도 청주시 서원구 사직대로 227 (사직동),36.63765175,127.4697439,863,603,Y,,043-201-6016,청주시 서원구청
267,교보생명,공공용,"충청북도 청주시 서원구 사직대로 284 (사직동, 교보생명)",36.63546701,127.4788993,1157,809,Y,,043-201-6016,청주시 서원구청
268,국민건강보험 동부지사,공공용,"충청북도 청주시 서원구 사직대로 308-12 (사직동, 국민건강보험공단청주동부지사)",36.63575614,127.4822823,231,162,Y,,043-201-6016,청주시 서원구청
269,산남동 계룡리슈빌아파트(지하주차장),공공용,"충청북도 청주시 서원구 산남로 23 (산남동, 계룡리슈빌아파트)",36.61105899,127.4703024,1010,706,Y,,043-201-6016,청주시 서원구청
270,대원칸타빌2단지아파트(지하주차장),공공용,"충청북도 청주시 서원구 산미로 143 (산남동, 대원칸타빌2단지)",36.60974763,127.4737685,1709,1195,Y,,043-201-6016,청주시 서원구청
271,성화휴먼시아5단지아파트,공공용,"충청북도 청주시 서원구 성봉로 93 (성화동, 성화 휴먼시아5단지)",36.61418775,127.4516584,7383,5163,Y,,043-201-6016,청주시 서원구청
272,한마음2차아파트,공공용,"충청북도 청주시 서원구 수곡로 100 (수곡동, 한마음2차아파트)",36.62113967,127.4715129,1752.07,1225,Y,,043-201-6016,청주시 서원구청
273,청주우편집중국,공공용,"충청북도 청주시 서원구 수곡로 106 (수곡동, 청주우편집중국)",36.62159001,127.4715693,2277.7,1593,Y,,043-201-6016,청주시 서원구청
274,두진하트리움아파트,공공용,"충청북도 청주시 서원구 수곡로 36 (수곡동, 두진하트리움아파트)",36.61473067,127.4751806,4571.92,3197,Y,,043-201-6016,청주시 서원구청
275,세원청실아파트,공공용,"충청북도 청주시 서원구 수곡로 46 (수곡동, 산남세원청실아파트)",36.61625691,127.4738932,2667.78,1866,Y,,043-201-6016,청주시 서원구청
276,한마음1차아파트,공공용,"충청북도 청주시 서원구 수곡로 78 (수곡동, 한마음1차아파트)",36.61911036,127.4724127,2079.35,1454,Y,,043-201-6016,청주시 서원구청
277,세원홍실아파트,공공용,"충청북도 청주시 서원구 수곡로 88 (수곡동, 세원홍실아파트)",36.61996225,127.4721049,2806.62,1963,Y,,043-201-6016,청주시 서원구청
278,세원2차아파트,공공용,"충청북도 청주시 서원구 수영로24번길 1 (수곡동, 세원수곡2차아파트)",36.6150361,127.4887842,1057.86,740,Y,,043-201-6016,청주시 서원구청
279,수정아파트,공공용,"충청북도 청주시 서원구 수영로36번길 5 (수곡동, 수정아파트)",36.61522416,127.4903861,938.85,657,Y,,043-201-6016,청주시 서원구청
280,개신주공3단지,공공용,충청북도 청주시 서원구 신율로 43 (개신동),36.62295969,127.4443848,2088.94,1461,Y,,043-201-6016,청주시 서원구청
281,금호타운아파트,공공용,충청북도 청주시 서원구 쌍샘로107번길 12 (모충동),36.62629698,127.4717053,1380,965,Y,,043-201-6016,청주시 서원구청
282,한국국토정보공사,공공용,"충청북도 청주시 서원구 예체로 149 (사창동, 한국국토정보공사충청북도지역본부)",36.63965744,127.4684277,72,50,Y,,043-201-6016,청주시 서원구청
283,사직동푸르지오캐슬 5단지,공공용,"충청북도 청주시 서원구 예체로 30 (사직동, 푸르지오캐슬)",36.63041979,127.4691589,1046,731,Y,,043-201-6016,청주시 서원구청
284,사직동푸르지오캐슬 1단지,공공용,"충청북도 청주시 서원구 예체로 68 (사직동, 청주푸르지오캐슬아파트)",36.63374817,127.4697158,4120,2881,Y,,043-201-6016,청주시 서원구청
285,대원칸타빌아파트,공공용,"충청북도 청주시 서원구 예체로67번길 87 (사창동, 사창대원칸타빌아파트)",36.63291024,127.4618483,2673,1869,Y,,043-201-6016,청주시 서원구청
286,산남동 부영사랑으로 아파트(지하주차장),공공용,"충청북도 청주시 서원구 원흥로 14 (산남동, 부영사랑으로)",36.60867597,127.474048,3000,2098,Y,,043-201-6016,청주시 서원구청
287,현대대우아파트,공공용,"충청북도 청주시 서원구 월평로 24 (분평동, 현대대우아파트)",36.60895548,127.4878516,3307,2313,Y,,043-201-6016,청주시 서원구청
288,분평뜨란채아파트,공공용,"충청북도 청주시 서원구 월평로 25 (분평동, 청주분평1단지뜨란채아파트)",36.61129037,127.4880586,3241,2266,Y,,043-201-6016,청주시 서원구청
289,남양휴튼아파트,공공용,"충청북도 청주시 서원구 장전로 51 (성화동, 남양휴튼아파트)",36.61754616,127.4528763,27449,19195,Y,,043-201-6016,청주시 서원구청
290,사직동푸르지오캐슬 4단지,공공용,"충청북도 청주시 서원구 창직로 50 (사직동, 청주푸르지오캐슬)",36.63031602,127.4680492,2761,1931,Y,,043-201-6016,청주시 서원구청
291,삼익2차(아)201앞,공공용,충청북도 청주시 서원구 창직로12번길 65 (개신동),36.62788958,127.4645195,4766.96,3334,Y,,043-201-6016,청주시 서원구청
292,산남동 청주현진에버빌아파트(지하주차장),공공용,"충청북도 청주시 서원구 탑골로 6 (산남동, 청주현진에버빌아파트)",36.61143305,127.4723301,1574,1101,Y,,043-201-6016,청주시 서원구청
293,꽃동네대학교도서관(지하1층),공공용,충청북도 청주시 서원구 현도면 상삼길 133 (꽃동네대학교),36.52197368,127.4029833,4124.28,2884,Y,,043-201-6016,청주시 서원구청
294,예술의전당,공공용,충청북도 청주시 서원구 흥덕로 69 (사직동),36.64209999,127.469677,4069.44,2846,Y,,043-201-6016,청주시 서원구청
295,삼일아파트,공공용,"충청북도 청주시 청원구 1순환로341번길 50 (내덕동, 삼일아파트)",36.65636374,127.4776552,1987,1390,Y,,043-201-8062,청주시 청원구청
296,충북지방경찰청,공공용,충청북도 청주시 청원구 2순환로 168 (주성동),36.67535454,127.500782,3422.49,2393,Y,,043-201-8062,청주시 청원구청
297,지하도(율량농협옆),공공용,충청북도 청주시 청원구 공항로 122 (율량동),36.66807871,127.4855891,192,134,Y,,043-201-8062,청주시 청원구청
298,정도드림빌아파트,공공용,충청북도 청주시 청원구 공항로 159-12 (율량동),36.67092039,127.4826001,7243,5065,Y,,043-201-8062,청주시 청원구청
299,두진아파트,공공용,"충청북도 청주시 청원구 공항로150번길 31-8 (율량동, 두진아파트)",36.6715301,127.486009,496,347,Y,,043-201-8062,청주시 청원구청
300,한울1차아파트,공공용,충청북도 청주시 청원구 공항로150번길 53 (율량동),36.67091311,127.4870432,1256,878,Y,,043-201-8062,청주시 청원구청
301,KT빌딩(충북본부),공공용,"충청북도 청주시 청원구 공항로150번길 73 (율량동, KT충청북도본부)",36.67083816,127.4886223,1028,719,Y,,043-201-8062,청주시 청원구청
302,이랜드해가든아파트,공공용,"충청북도 청주시 청원구 공항로84번길 30 (내덕동, 이랜드해가든아파트)",36.66488344,127.4877659,6889,4817,Y,,043-201-8062,청주시 청원구청
303,뿌리병원,공공용,충청북도 청주시 청원구 내덕로 56 (내덕동),36.65686774,127.4867132,2685.6,1878,Y,,043-201-8062,청주시 청원구청
304,우창진주2차아파트,공공용,충청북도 청주시 청원구 내수읍 도원세교로 63 (우창진주2차아파트),36.70973589,127.540732,983,687,Y,,043-201-8062,청주시 청원구청
305,우창진주1차아파트,공공용,충청북도 청주시 청원구 내수읍 도원세교로 67 (우창진주1차아파트),36.70981974,127.5397297,844,590,Y,,043-201-8062,청주시 청원구청
306,진흥2차아파트 203동,공공용,충청북도 청주시 청원구 내수읍 마산3길 3 (진흥2차아파트),36.72137499,127.5382793,1379.34,965,Y,,043-201-8062,청주시 청원구청
307,내수읍사무소 지하주차장,공공용,충청북도 청주시 청원구 내수읍 마산3길 49 (내수읍사무소),36.72391322,127.5349254,682.5,477,Y,,043-201-8062,청주시 청원구청
308,은곡무지개아파트,공공용,충청북도 청주시 청원구 내수읍 은곡4길 6 (은곡무지개아파트),36.71851024,127.52926,1931,1350,Y,,043-201-8062,청주시 청원구청
309,덕일한마음아파트,공공용,충청북도 청주시 청원구 내수읍 은곡묵방길 28 (덕일한마음아파트),36.70930236,127.5256647,1332,931,Y,,043-201-8062,청주시 청원구청
310,세원임대아파트,공공용,"충청북도 청주시 청원구 사북로149번길 7 (우암동, 우암동세원아파트)",36.64575009,127.4870458,2047,1431,Y,,043-201-8062,청주시 청원구청
311,평화아파트,공공용,"충청북도 청주시 청원구 상당로244번길 6 (우암동, 평화아파트)",36.64997705,127.4899577,1653,1156,Y,,043-201-8062,청주시 청원구청
312,덕성그린아파트,공공용,"충청북도 청주시 청원구 새터로 187 (사천동, 덕성그린아파트)",36.66358597,127.4716195,7500,5245,Y,,043-201-8062,청주시 청원구청
313,삼풍오피스텔,공공용,"충청북도 청주시 청원구 새터로 27 (내덕동, 삼풍오피스텔)",36.65572684,127.4862899,277.49,194,Y,,043-201-8062,청주시 청원구청
314,오창부영7단지아파트,공공용,충청북도 청주시 청원구 오창읍 2산단4로 60,36.73730404,127.4494408,2943,2058,Y,,043-201-8062,청주시 청원구청
315,오창부영6단지아파트,공공용,충청북도 청주시 청원구 오창읍 2산단로 125,36.73490104,127.4500851,3352,2344,Y,,043-201-8062,청주시 청원구청
316,대성베르힐아파트 지하주차장,공공용,충청북도 청주시 청원구 오창읍 2산단로 160 (오창대성베르힐아파트),36.73393905,127.4528291,1937,1355,Y,,043-201-8062,청주시 청원구청
317,코아루아파트,공공용,충청북도 청주시 청원구 오창읍 오창중앙로 27 (코아루아파트),36.70612347,127.426451,3129,2188,Y,,043-201-8062,청주시 청원구청
318,중앙하이츠빌아파트,공공용,충청북도 청주시 청원구 오창읍 오창중앙로 32,36.70830481,127.424256,4415,3087,Y,,043-201-8062,청주시 청원구청
319,시재지하보도,공공용,충청북도 청주시 청원구 오창읍 중심상업1로 8-46,36.71594409,127.428896,191.88,134,Y,,043-201-8062,청주시 청원구청
320,회암지하보도,공공용,충청북도 청주시 청원구 오창읍 중심상업로 17 (오창프라자),36.71244278,127.429275,191.88,134,Y,,043-201-8062,청주시 청원구청
321,양청지하보도,공공용,충청북도 청주시 청원구 오창읍 중심상업로 39 (오창온천),36.71427105,127.4290524,191.88,134,Y,,043-201-8062,청주시 청원구청
322,대원칸타빌1차아파트,공공용,충청북도 청주시 청원구 율량로 103 (주성동),36.67342138,127.4984784,6196.36,4333,Y,,043-201-8062,청주시 청원구청
323,청주율량2LH2단지아파트,공공용,충청북도 청주시 청원구 율량로 47 (주중동),36.67351132,127.4924561,8198.66,5733,Y,,043-201-8062,청주시 청원구청
324,지하도(신흥고),공공용,충청북도 청주시 청원구 율봉로 224 (율량동),36.667754,127.4935559,198,138,Y,,043-201-8062,청주시 청원구청
325,동아아파트,공공용,충청북도 청주시 청원구 율봉로 27 (사천동),36.6632609,127.4736041,2877,2012,Y,,043-201-8062,청주시 청원구청
326,남광하우스토리아파트(1단지),공공용,"충청북도 청주시 청원구 율봉로 7 (사천동, 남광하우스토리A단지아파트)",36.66230675,127.4715267,1151,805,Y,,043-201-8062,청주시 청원구청
327,신동아아파트,공공용,"충청북도 청주시 청원구 율봉로 77 (사천동, 신동아아파트)",36.66644042,127.4789256,6611,4623,Y,,043-201-8062,청주시 청원구청
328,남광하우스토리아파트(2단지),공공용,"충청북도 청주시 청원구 율봉로 8 (사천동, 남광하우스토리B단지)",36.66173505,127.472078,1590,1112,Y,,043-201-8062,청주시 청원구청
329,대창아파트,공공용,충청북도 청주시 청원구 율봉로159번길 73-1 (율량동),36.67141235,127.4848315,1190,832,Y,,043-201-8062,청주시 청원구청
330,목화1차아파트,공공용,"충청북도 청주시 청원구 율봉로167번길 65-21 (율량동, 목화아파트)",36.67144045,127.4867781,876,613,Y,,043-201-8062,청주시 청원구청
331,삼정2차아파트,공공용,"충청북도 청주시 청원구 율봉로175번길 54 (율량동, 삼정2차아파트)",36.67112107,127.4899485,1355,948,Y,,043-201-8062,청주시 청원구청
332,삼정1차아파트,공공용,"충청북도 청주시 청원구 율봉로201번길 50 (율량동, 삼정아파트)",36.6709661,127.4925652,810,566,Y,,043-201-8062,청주시 청원구청
333,율량대원칸타빌 4차아파트,공공용,"충청북도 청주시 청원구 율중로 10 (율량동, 대원칸타빌4차아파트)",36.66176459,127.5044387,1986,1389,Y,,043-201-8062,청주시 청원구청
334,율량LH9단지아파트,공공용,"충청북도 청주시 청원구 율중로7번길 77 (율량동, 청주율량2엘에이치9단지아파트)",36.66112087,127.5091724,4443,3107,Y,,043-201-8062,청주시 청원구청
335,재원아파트,공공용,"충청북도 청주시 청원구 주성로 216 (율량동, 재원아파트)",36.67144107,127.490143,664,464,Y,,043-201-8062,청주시 청원구청
336,삼성아파트,공공용,"충청북도 청주시 청원구 주성로118번길 12 (율량동, 삼성아파트)",36.66930718,127.479525,2626,1836,Y,,043-201-8062,청주시 청원구청
337,성원아파트,공공용,"충청북도 청주시 청원구 주성로132번길 10 (율량동, 성원상떼빌)",36.66999057,127.4807821,2704,1891,Y,,043-201-8062,청주시 청원구청
338,현대2차아파트,공공용,"충청북도 청주시 청원구 주성로132번길 54 (율량동, 현대아파트)",36.66850683,127.4822405,4033,2820,Y,,043-201-8062,청주시 청원구청
339,청원구청,공공용,"충청북도 청주시 청원구 직지대로 871 (우암동, 청원구청)",36.6515839,127.4866262,965,675,Y,,043-201-8062,청주시 청원구청
340,럭키3차아파트,공공용,"충청북도 청주시 청원구 충청대로139번길 17-10 (율량동, 럭키아파트)",36.66896035,127.492964,1289,901,Y,,043-201-8062,청주시 청원구청
341,두진백로그린타운,공공용,"충청북도 청주시 청원구 충청대로139번길 18 (율량동, 두진백로그린타운)",36.66938504,127.4931189,1164,814,Y,,043-201-8062,청주시 청원구청
342,진화하이츠아파트,공공용,"충청북도 청주시 청원구 충청대로139번길 9 (율량동, 진화아파트)",36.668529,127.4935474,757,529,Y,,043-201-8062,청주시 청원구청
343,삼일브리제하임,공공용,"충청북도 청주시 청원구 향군로 123 (우암동, 삼일브리제하임)",36.65528445,127.4807264,5260,3678,Y,,043-201-8062,청주시 청원구청
344,대성빌딩,공공용,충청북도 청주시 청원구 향군로 128 (내덕동),36.65597195,127.4809633,462,323,Y,,043-201-8062,청주시 청원구청
345,덕일한마음아파트,공공용,"충청북도 청주시 청원구 향군로74번길 26 (우암동, 덕일한마음아파트)",36.65219118,127.4853193,4737,3313,Y,,043-201-8062,청주시 청원구청
346,아이제이포커스,공공용,"충청북도 청주시 흥덕구 1순환로 571 (봉명동, IJ FOCUS)",36.64201032,127.4621889,2295,1605,Y,,043-201-7061,청주시 흥덕구청
347,봉명동삼정아파트,공공용,"충청북도 청주시 흥덕구 1순환로512번길 32 (봉명동, 삼정아파트)",36.64791667,127.4634901,792,554,Y,,043-201-7061,청주시 흥덕구청
348,신봉동삼정백조아파트,공공용,"충청북도 청주시 흥덕구 1순환로513번길 33 (신봉동, 삼정백조아파트)",36.64660241,127.4677451,4376.63,3061,Y,,043-201-7061,청주시 흥덕구청
349,효성1차(아),공공용,"충청북도 청주시 흥덕구 2순환로1050번길 13-14 (비하동, 효성아파트)",36.64052023,127.4207486,2950.2,2063,Y,,043-201-7061,청주시 흥덕구청
350,효성2차(아),공공용,"충청북도 청주시 흥덕구 2순환로1050번길 24 (비하동, 효성2차아파트)",36.64092247,127.4201425,2402.4,1680,Y,,043-201-7061,청주시 흥덕구청
351,가경푸르지오아파트,공공용,"충청북도 청주시 흥덕구 2순환로1375번길 20 (가경동, 가경푸르지오)",36.61424785,127.4413927,1933.8,1352,Y,,043-201-7061,청주시 흥덕구청
352,가경주공6단지아파트,공공용,충청북도 청주시 흥덕구 2순환로1375번길 23 (가경동),36.61566622,127.438955,3309.08,2314,Y,,043-201-7061,청주시 흥덕구청
353,삼일원앙(아),공공용,충청북도 청주시 흥덕구 가경로 100-20 (가경동),36.62421196,127.4400946,1722.6,1205,Y,,043-201-7061,청주시 흥덕구청
354,가경대원(아),공공용,충청북도 청주시 흥덕구 가경로 120 (가경동),36.62638302,127.43881,3072.3,2148,Y,,043-201-7061,청주시 흥덕구청
355,세원가경골(아),공공용,충청북도 청주시 흥덕구 가경로 134 (가경동),36.62770426,127.4382719,3045.9,2130,Y,,043-201-7061,청주시 흥덕구청
356,형석1차아파트,공공용,충청북도 청주시 흥덕구 가경로 158 (가경동),36.63003728,127.4370463,3245.55,2270,Y,,043-201-7061,청주시 흥덕구청
357,형석2차아파트,공공용,충청북도 청주시 흥덕구 가경로 188 (가경동),36.63229845,127.4367371,3724.88,2605,Y,,043-201-7061,청주시 흥덕구청
358,가경대림아파트,공공용,충청북도 청주시 흥덕구 가경로 193 (가경동),36.63167161,127.4346719,2902.35,2030,Y,,043-201-7061,청주시 흥덕구청
359,가경주공2단지(아),공공용,충청북도 청주시 흥덕구 가경로 26 (가경동),36.61821863,127.4437137,1904.1,1332,Y,,043-201-7061,청주시 흥덕구청
360,동부아파트,공공용,충청북도 청주시 흥덕구 가경로 64 (가경동),36.62152034,127.441783,1955.25,1367,Y,,043-201-7061,청주시 흥덕구청
361,태암수정(아),공공용,충청북도 청주시 흥덕구 가경로 72 (가경동),36.62245886,127.4414216,835.73,584,Y,,043-201-7061,청주시 흥덕구청
362,가경벽산(아),공공용,충청북도 청주시 흥덕구 가경로189번길 52 (가경동),36.63254418,127.4336079,1273.8,891,Y,,043-201-7061,청주시 흥덕구청
363,비하동 계룡리슈빌1차아파트,공공용,"충청북도 청주시 흥덕구 가로수로1131번길 101 (비하동, 계룡리슈빌아파트)",36.63036201,127.4209393,2409,1685,Y,,043-201-7061,청주시 흥덕구청
364,청도아파트,공공용,"충청북도 청주시 흥덕구 가로수로1144번길 72-2 (강서동, 청도아파트)",36.62365483,127.4237514,1767.98,1236,Y,,043-201-7061,청주시 흥덕구청
365,우정아파트,공공용,"충청북도 청주시 흥덕구 가로수로1154번길 21-5 (강서동, 우정아파트)",36.62603126,127.4254816,1619.48,1133,Y,,043-201-7061,청주시 흥덕구청
366,우양센트럴,공공용,충청북도 청주시 흥덕구 가로수로1164번길 41-44 (강서동),36.62589212,127.4291031,107,75,Y,,043-201-7061,청주시 흥덕구청
367,미소랑1차아파트,공공용,"충청북도 청주시 흥덕구 가로수로1164번길 41-8 (강서동, 미소랑1차아파트)",36.62514862,127.4273639,1833.98,1283,Y,,043-201-7061,청주시 흥덕구청
368,가경동신라아파트,공공용,충청북도 청주시 흥덕구 가로수로1308번길 42 (가경동),36.63098093,127.4372485,991.65,693,Y,,043-201-7061,청주시 흥덕구청
369,재원아파트,공공용,"충청북도 청주시 흥덕구 가로수로1351번길 45 (복대동, 재원아파트)",36.63550746,127.4423324,429.83,301,Y,,043-201-7061,청주시 흥덕구청
370,덕성아파트,공공용,"충청북도 청주시 흥덕구 가로수로1379번길 83 (복대동, 덕성아파트)",36.63645322,127.4429327,1983.3,1387,Y,,043-201-7061,청주시 흥덕구청
371,청원쌍용예가아파트1차,공공용,충청북도 청주시 흥덕구 강내면 탑연월곡길 62-13 (청원쌍용예가 1단지아파트),36.62289496,127.3647153,485,339,Y,,043-201-7061,청주시 흥덕구청
372,강내태암수정아파트,공공용,충청북도 청주시 흥덕구 강내면 태성탑연로 264 (강내태암수정아파트),36.60796408,127.353034,990,692,Y,,043-201-7061,청주시 흥덕구청
373,베리굿2차아파트,공공용,"충청북도 청주시 흥덕구 강서로 111 (강서동, 강서베리굿2차)",36.62508285,127.4286157,940.5,658,Y,,043-201-7061,청주시 흥덕구청
374,가경주공1단지(아),공공용,충청북도 청주시 흥덕구 경신로 11-1 (가경동),36.62033609,127.4432832,1599.68,1119,Y,,043-201-7061,청주시 흥덕구청
375,봉명동신라아파트,공공용,"충청북도 청주시 흥덕구 과상미로9번길 102-14 (봉명동, 신라아파트)",36.64409904,127.4570753,495,346,Y,,043-201-7061,청주시 흥덕구청
376,삼보맨션,공공용,"충청북도 청주시 흥덕구 내수동로33번길 6 (복대동, 삼보맨션)",36.63311175,127.4515944,3799.95,2657,Y,,043-201-7061,청주시 흥덕구청
377,지웰시티1차아파트,공공용,"충청북도 청주시 흥덕구 대농로 17 (복대동, 지웰시티1차아파트)",36.64273957,127.4251038,7038.9,4922,Y,,043-201-7061,청주시 흥덕구청
378,두산위브지웰시티2차아파트,공공용,"충청북도 청주시 흥덕구 대농로 55 (복대동, 두산위브지웰시티2차)",36.6437325,127.4286564,6212.25,4344,Y,,043-201-7061,청주시 흥덕구청
379,현대1차아파트,공공용,"충청북도 청주시 흥덕구 대신로10번길 16-3 (복대동, 현대1차아파트)",36.63433957,127.4374597,2904,2031,Y,,043-201-7061,청주시 흥덕구청
380,금호어울림1차아파트,공공용,"충청북도 청주시 흥덕구 대신로73번길 14 (복대동, 금호어울림1단지아파트)",36.64041541,127.4338935,2973.3,2079,Y,,043-201-7061,청주시 흥덕구청
381,금호어울림2차아파트,공공용,"충청북도 청주시 흥덕구 대신로74번길 21 (복대동, 금호어울림2단지아파트)",36.64038318,127.4358122,2748.9,1922,Y,,043-201-7061,청주시 흥덕구청
382,봉명아이파크아파트,공공용,"충청북도 청주시 흥덕구 덕암로108번길 44 (봉명동, 현대아이파크)",36.65277385,127.4611393,5715.6,3997,Y,,043-201-7061,청주시 흥덕구청
383,봉명두진하트리움아파트,공공용,"충청북도 청주시 흥덕구 덕암로30번길 19 (봉명동, 두진하트리움아파트)",36.6514885,127.45796,3459.23,2419,Y,,043-201-7061,청주시 흥덕구청
384,봉명동삼정백조아파트,공공용,"충청북도 청주시 흥덕구 백봉로 244 (봉명동, 삼정백조아파트)",36.64913577,127.4623612,2522.85,1764,Y,,043-201-7061,청주시 흥덕구청
385,삼일아파트,공공용,"충청북도 청주시 흥덕구 복대로118번길 16 (복대동, 삼일아파트)",36.62704949,127.4418369,347.33,243,Y,,043-201-7061,청주시 흥덕구청
386,비하계룡리슈빌2차아파트,공공용,"충청북도 청주시 흥덕구 비하로57번길 37 (비하동, 비하계룡리슈빌2차아파트)",36.63110839,127.4218915,1526,1067,Y,,043-201-7061,청주시 흥덕구청
387,오성빌딩,공공용,"충청북도 청주시 흥덕구 사운로 204 (운천동, 오성빌딩)",36.64696417,127.4774093,505.73,354,Y,,043-201-7061,청주시 흥덕구청
388,"운천삼일아파트(101동~104동,105동 지하주차장)",공공용,"충청북도 청주시 흥덕구 사운로 278 (운천동, 삼일아파트)",36.65230714,127.4735236,3860.18,2699,Y,,043-201-7061,청주시 흥덕구청
389,신봉동두진백로아파트(지하주차장),공공용,"충청북도 청주시 흥덕구 사운로324번길 14 (신봉동, 두진백로아파트)",36.6556871,127.4710658,3399,2377,Y,,043-201-7061,청주시 흥덕구청
390,가경e-편한세상 아파트,공공용,"충청북도 청주시 흥덕구 서현북로 15 (가경동, 대림e편한세상아파트)",36.61866738,127.4254322,2115.3,1479,Y,,043-201-7061,청주시 흥덕구청
391,가경대원칸타빌아파트,공공용,충청북도 청주시 흥덕구 서현서로 39 (가경동),36.62012154,127.4260126,2673,1869,Y,,043-201-7061,청주시 흥덕구청
392,가경한라비발디아파트,공공용,충청북도 청주시 흥덕구 서현서로 40 (가경동),36.62071075,127.4265524,1707.75,1194,Y,,043-201-7061,청주시 흥덕구청
393,가경휴먼시아아파트,공공용,충청북도 청주시 흥덕구 서현중로32번길 23 (가경동),36.62205929,127.431434,2508,1754,Y,,043-201-7061,청주시 흥덕구청
394,보성하이츠빌라,공공용,"충청북도 청주시 흥덕구 신율로 77 (복대동, 보성아파트)",36.62534133,127.4465674,660.83,462,Y,,043-201-7061,청주시 흥덕구청
395,신라빌라,공공용,"충청북도 청주시 흥덕구 신율로 87 (복대동, 신라빌라)",36.62583925,127.4464361,1652.48,1156,Y,,043-201-7061,청주시 흥덕구청
396,덕성그린아파트,공공용,"충청북도 청주시 흥덕구 신율로180번길 34 (복대동, 덕성그린아파트)",36.63271437,127.4489668,1487.48,1040,Y,,043-201-7061,청주시 흥덕구청
397,오송대원칸타빌아파트,공공용,충청북도 청주시 흥덕구 오송읍 연제만수길 17 (오송대원칸타빌),36.6268984,127.326629,3478.2,2432,Y,,043-201-7061,청주시 흥덕구청
398,오송휴먼시아1단지아파트,공공용,충청북도 청주시 흥덕구 오송읍 오송가락로 235 (청원오송휴먼시아1단지),36.62764041,127.3320201,3689.4,2580,Y,,043-201-7061,청주시 흥덕구청
399,오송힐데스하임아파트,공공용,충청북도 청주시 흥덕구 오송읍 오송생명1로 152 (오송힐데스하임),36.63274854,127.3213218,2976.6,2082,Y,,043-201-7061,청주시 흥덕구청
400,오송호반베르디움아파트,공공용,충청북도 청주시 흥덕구 오송읍 오송생명3로 111 (오송호반베르디움아파트),36.62789009,127.3251342,2917.2,2040,Y,,043-201-7061,청주시 흥덕구청
401,오송모아미래도아파트,공공용,충청북도 청주시 흥덕구 오송읍 오송생명3로 87 (모아미래도아파트),36.63071317,127.3261881,2151.6,1505,Y,,043-201-7061,청주시 흥덕구청
402,오송휴먼시아2단지아파트,공공용,충청북도 청주시 흥덕구 오송읍 오송생명5로 201 (오송마을휴먼시아2단지),36.62863502,127.329527,3194.4,2234,Y,,043-201-7061,청주시 흥덕구청
403,오송상록롯데캐슬아파트,공공용,충청북도 청주시 흥덕구 오송읍 오송생명5로 202 (오송상록롯데캐슬아파트),36.63047531,127.3287944,3864.3,2702,Y,,043-201-7061,청주시 흥덕구청
404,옥산코오롱하늘채아파트,공공용,충청북도 청주시 흥덕구 옥산면 가락길 60 (코오롱하늘채),36.67147519,127.3824401,2984,2087,Y,,043-201-7061,청주시 흥덕구청
405,하수처리과(1차 최초침전지 계단실),공공용,충청북도 청주시 흥덕구 옥산면 미호로 555,36.66570358,127.3937448,2644.13,1849,Y,,043-201-7061,청주시 흥덕구청
406,하수처리과 관사,공공용,충청북도 청주시 흥덕구 옥산면 미호로 555,36.66570358,127.3937448,495.83,347,Y,,043-201-7061,청주시 흥덕구청
407,평생학습관,공공용,"충청북도 청주시 흥덕구 월명로13번길 52 (복대동, 청주시평생교육원)",36.63669521,127.4504927,123.75,87,Y,,043-201-7061,청주시 흥덕구청
408,형석타운아파트,공공용,"충청북도 청주시 흥덕구 장구봉로101번길 27 (복대동, 형석아파트)",36.62509704,127.4434535,2924.63,2045,Y,,043-201-7061,청주시 흥덕구청
409,세원아파트,공공용,"충청북도 청주시 흥덕구 장구봉로101번길 45 (복대동, 세원아파트)",36.62631785,127.4427852,1321.65,924,Y,,043-201-7061,청주시 흥덕구청
410,복대두진하트리움(주),공공용,"충청북도 청주시 흥덕구 죽천로 27 (복대동, 복대두진하트리움)",36.63954259,127.4250416,6204,4338,Y,,043-201-7061,청주시 흥덕구청
411,복대대원아파트,공공용,"충청북도 청주시 흥덕구 죽천로146번길 7 (복대동, 대원칸타빌아파트)",36.63770156,127.4396972,3557.4,2488,Y,,043-201-7061,청주시 흥덕구청
412,영조아름다운나날2차아파트,공공용,"충청북도 청주시 흥덕구 증안로 100 (복대동, 영조아파트2차)",36.63524485,127.4333636,2636.7,1844,Y,,043-201-7061,청주시 흥덕구청
413,복대동삼일아파트,공공용,"충청북도 청주시 흥덕구 증안로 108 (복대동, 하복대삼일아파트)",36.63486838,127.4347927,1997.33,1397,Y,,043-201-7061,청주시 흥덕구청
414,영조아름다운나날아파트,공공용,"충청북도 청주시 흥덕구 증안로 21 (복대동, 영조아름다운나날1차아파트)",36.63677926,127.4256749,3075.6,2151,Y,,043-201-7061,청주시 흥덕구청
415,복대두진백로아파트,공공용,충청북도 청주시 흥덕구 증안로 33 (복대동),36.63692069,127.4274513,1917.3,1341,Y,,043-201-7061,청주시 흥덕구청
416,현대2차아파트,공공용,"충청북도 청주시 흥덕구 증안로 77 (복대동, 현대2차아파트)",36.63616774,127.4323356,3399,2377,Y,,043-201-7061,청주시 흥덕구청
417,"한국건강관리협회 충북,세종지부",공공용,충청북도 청주시 흥덕구 직지대로 631 (봉명동),36.64340868,127.4631679,2994.75,2094,Y,,043-201-7061,청주시 흥덕구청
418,봉명동하이젠시티,공공용,"충청북도 청주시 흥덕구 직지대로 636 (봉명동, 하이젠시티)",36.64268976,127.463584,3261.23,2281,Y,,043-201-7061,청주시 흥덕구청
419,지웰에스테이트오피스텔,공공용,"충청북도 청주시 흥덕구 진재로 131 (복대동, 지웰에스테이트)",36.64294209,127.4309377,3382.5,2365,Y,,043-201-7061,청주시 흥덕구청
420,세원느티마을아파트,공공용,"충청북도 청주시 흥덕구 진재로 67 (복대동, 세원느티마을아파트)",36.63775479,127.4280508,2346.3,1641,Y,,043-201-7061,청주시 흥덕구청
421,신영지웰홈스(아),공공용,"충청북도 청주시 흥덕구 진재로103번길 37 (복대동, 신영지웰홈스아파트)",36.6401459,127.4276838,5964.75,4171,Y,,043-201-7061,청주시 흥덕구청
422,세원테마빌아파트,공공용,"충청북도 청주시 흥덕구 짐대로 14 (복대동, 세원테마빌아파트)",36.63484626,127.4249397,1306.8,914,Y,,043-201-7061,청주시 흥덕구청
423,복대동벽산아파트,공공용,"충청북도 청주시 흥덕구 짐대로 6 (복대동, 벽산아파트)",36.63590881,127.4241494,3125.93,2186,Y,,043-201-7061,청주시 흥덕구청
424,대우메가폴리스,공공용,충청북도 청주시 흥덕구 풍산로 15 (가경동),36.62678281,127.4319925,4636.5,3242,Y,,043-201-7061,청주시 흥덕구청
425,청주여객터미널(시외버스),공공용,충청북도 청주시 흥덕구 풍산로 6 (가경동),36.62532766,127.4316937,660.83,462,Y,,043-201-7061,청주시 흥덕구청
426,세원2차아파트,공공용,충청북도 청주시 흥덕구 풍산로89번길 31 (가경동),36.63004481,127.4379408,2925.45,2046,Y,,043-201-7061,청주시 흥덕구청
427,근현대인쇄전시관 지하주차장,공공용,"충청북도 청주시 흥덕구 흥덕로 104 (운천동, 청주시근현대인쇄전시관)",36.64403665,127.4730569,342.38,239,Y,,043-201-7061,청주시 흥덕구청
428,금속활자주조전수관 지하주차장,공공용,"충청북도 청주시 흥덕구 흥덕로 96 (운천동, 청주시금속활자주조전수관)",36.64359496,127.4726382,362.18,253,Y,,043-201-7061,청주시 흥덕구청
429,휴먼시아7단지,공공용,충청북도 충주시 갱고개로 230 (연수동),36.99295937,127.9392482,1663,2015,Y,지하주차장,043-844-7850,아파트관리사무소
430,교현2(청주지방검찰청충주지청),공공용,"충청북도 충주시 계명대로 101 (교현동, 청주지방검찰청충주지청)",36.98315869,127.9255913,281,340,Y,휴게실(탁구장),043-850-2457,교현2동
431,목행(한국폴리텍 Ⅳ대학),공공용,"충청북도 충주시 국원대로 548 (목행동, 한국폴리텍대학충주캠퍼스)",37.01580777,127.9367876,324,393,Y,교육장,043-850-2746,목행용탄주민센터
432,엘리시아@,공공용,"충청북도 충주시 국원초1길 48 (안림동, 충주엘리시아아파트)",36.98037088,127.9441205,1310,1588,Y,지하주차장,043-850-8974,교현안림동
433,연수(세원한아름아파트),공공용,"충청북도 충주시 금릉로 101 (연수동, 세원한아름아파트)",36.98505553,127.926839,3702,4487,Y,지하주차장,043-844-4173,아파트관리사무소
434,칠금금릉(코오롱동신아파트),공공용,충청북도 충주시 금릉로 14 (칠금동),36.98319131,127.9176757,3036,3680,Y,지하주차장,043-850-2720,칠금금릉동
435,칠금금릉(삼일아파트),공공용,충청북도 충주시 금릉로 17 (칠금동),36.98621275,127.9175323,1429,1732,Y,지하주차장,043-850-2720,칠금금릉동
436,칠금금릉(현대아파트),공공용,충청북도 충주시 금릉로 45 (칠금동),36.98578807,127.9211753,1716,2080,Y,지하주차장,043-850-2720,칠금금릉동
437,칠금금릉(부영1차아파트),공공용,"충청북도 충주시 금릉로 46 (칠금동, 부영아파트)",36.98461939,127.920836,2376,2880,Y,지하주차장,043-850-2720,칠금금릉동
438,중흥S클레스@,공공용,충청북도 충주시 금봉8길 23 (교현동),36.96787081,127.9414821,1703,2064,Y,지하주차장,043-850-8974,교현안림동
439,교현안림(안림LG아파트),공공용,충청북도 충주시 금봉대로 397 (안림동),36.96997998,127.9459281,1802,2184,Y,지하주차장,043-850-8974,교현안림동
440,안림동 보성꿈에본 아파트,공공용,충청북도 충주시 금봉대로 425 (안림동),36.97262428,127.946031,1027,1245,Y,지하주차장,043-850-8974,교현안림동
441,칠금금릉(삼성1차아파트),공공용,"충청북도 충주시 금제1길 5 (금릉동, 삼성1차아파트)",36.98841614,127.9243431,1551,1880,Y,지하주차장,043-850-2720,칠금금릉동
442,용산(용산주공3단지),공공용,"충청북도 충주시 남산로 114(용산동, 용산주공3단지)",36.96114009,127.9466766,6849,8302,Y,주차장,043-850-8373,용산동
443,용산(용산주공2단지),공공용,"충청북도 충주시 남산로 125 (용산동, 용산주공(2)단지아파트)",36.962947,127.945983,2574,3120,Y,주차장,043-850-8374,용산동
444,대소원(코아루퍼스트아파트),공공용,충청북도 충주시 대소원면 첨단산업4로 24,36.98749612,127.8288082,2388,2894,Y,지하주차장,043-850-8248,대소원면사무소
445,신원아침도시@,공공용,"충청북도 충주시 만리산10길 15 (안림동, 아침도시아파트)",36.97149873,127.9439435,802,972,Y,지하주차장,043-850-8974,교현안림동
446,목행(새한아파트),공공용,"충청북도 충주시 목행산단3로 13-9 (목행동, 새한아파트)",37.00364986,127.9175351,1465,1776,Y,주차장,043-850-2746,목행용탄주민센터
447,목행(한라비발디아파트),공공용,"충청북도 충주시 목행산단4로 13 (목행동, 한라비발디아파트)",37.00593215,127.9174277,1815,2200,Y,주차장,043-850-2746,목행용탄주민센터
448,목행(세중참사랑아파트),공공용,"충청북도 충주시 목행산단6로 71 (목행동, 세중참사랑아파트)",37.004392,127.919427,967,1172,Y,주차장,043-850-2746,목행용탄주민센터
449,충주푸르지오아파트,공공용,"충청북도 충주시 봉계1길 5 (봉방동, 충주푸르지오관리사무소)",36.978025,127.912247,23295,28236,Y,지하주차장,043-853-8400,아파트관리사무소
450,교현안림(안림LH천년나무1단지),공공용,충청북도 충주시 봉현로 365,36.97767993,127.9453046,8793,10658,Y,지하주차장,043-850-8976,교현안림동
451,교현안림(푸르지오2차아파트),공공용,충청북도 충주시 봉현로 366,36.9763912,127.9432941,3267,3960,Y,지하주차장,043-850-8975,교현안림동
452,문화동 호수마을아파트,공공용,"충청북도 충주시 사직로 114 (문화동, 호수마을아파트)",36.966783,127.924717,1287,1463,Y,주차장,043-850-2486,문화동
453,교현2(성원아파트),공공용,"충청북도 충주시 삼원로 163 (교현동, 성원임대아파트)",36.98008231,127.9239952,1188,1440,Y,주차장,043-850-2457,교현2동
454,SJ오피스텔,공공용,"충청북도 충주시 상방5길 11 (봉방동, 에스제이오피스텔)",36.974111,127.910642,560,679,Y,지하주차장,043-845-6700,오피스텔관리사무소
455,성내충인(현대쇼핑타운),공공용,"충청북도 충주시 성서1길 50 (성서동, 성서동현대아파트)",36.97158363,127.9309089,2805,3400,Y,지하주차장,043-850-2435,성내충인동
456,호암(현대호반아파트),공공용,"충청북도 충주시 신촌2길 29 (호암동, 현대호반아파트)",36.96027335,127.9291004,1234,1496,Y,지하주차장,043-850-8904,호암직동주민센터
457,호암(예성세경아파트),공공용,"충청북도 충주시 신촌3길 21 (호암동, 예성세경아파트)",36.95958713,127.9302014,2033,2464,Y,지하주차장,043-850-8904,호암직동주민센터
458,봉방(현대자동차),공공용,"충청북도 충주시 애향로 10 (봉방동, 현대빌딩)",36.97482984,127.9110841,826,1002,Y,지하주차장,043-843-3383,현대자동차
459,리슈빌아파트,공공용,"충청북도 충주시 연수동산로 12 (연수동, 연수리슈빌아파트)",36.98398983,127.9427185,17985,2280,Y,지하주차장,043-852-4600,아파트관리사무소
460,힐스테이트 아파트,공공용,"충청북도 충주시 연수동산로 26 (연수동, 연수힐스테이트)",36.98610661,127.943953,28664,3400,Y,지하주차장,043-857-1515,아파트관리사무소
461,"두진3차아파트(301동,302동)",공공용,"충청북도 충주시 연수로 20 (연수동, 두진3차임대아파트)",36.991197,127.9308782,983,1192,Y,지하주차장,043-844-6638,아파트관리사무소
462,"두진1,2차아파트",공공용,충청북도 충주시 연수로 7 (연수동),36.991889,127.931251,1058,1863,Y,지하주차장,043-843-5274,아파트관리사무소
463,아이파크아파트,공공용,"충청북도 충주시 연수로1길 20 (연수동, 연수아이파크아파트상가)",36.99311296,127.9362306,16643,2116,Y,지하주차장,043-855-0850,아파트관리사무소
464,연수(삼성푸른아파트),공공용,"충청북도 충주시 연수서1길 20(연수동, 삼성푸른아파트)",36.98605814,127.9267632,3305,4135,Y,지하주차장,043-842-8166,아파트관리사무소
465,남산동일하이빌아파트,공공용,"충청북도 충주시 염밭로 22 (용산동, 남산동일하이빌)",36.95998347,127.9443717,2208,2676,Y,주차장,043-850-8372,용산동
466,연수(주공5단지),공공용,충청북도 충주시 예성로 401 (연수동),36.99227752,127.9315565,2314,2805,Y,지하주차장,043-848-1711,아파트관리사무소
467,연수주공4단지아파트,공공용,"충청북도 충주시 예성로 401 (연수동, 연수주공4,5단지아파트)",36.99227752,127.9315565,3267,3960,Y,지하주차장,043-848-1710,아파트관리사무소
468,용산(영진아파트),공공용,"충청북도 충주시 용산로 33 (용산동, 영진보람아파트)",36.96649914,127.9371892,2079,2520,Y,주차장,043-850-8375,용산동
469,칠금금릉(충주시청),공공용,충청북도 충주시 으뜸로 21 (금릉동),36.99131739,127.9252858,568,688,Y,공공기관,043-850-2720,칠금금릉동
470,주덕(백남진달래아파트),공공용,충청북도 충주시 주덕읍 장터뒷길 48 (백남진달래아파트),36.97512761,127.801306,254,601,Y,지하주차장,043-848-8501,아파트관리실
471,중앙탑(충주시티자이아파트),공공용,충청북도 충주시 중앙탑면 원앙4길 51,37.016941,127.8304853,6320,7661,Y,지하주차장,043-850-6282,중앙탑면사무소
472,중앙탑(e편한세상아파트),공공용,충청북도 충주시 중앙탑면 원앙9길 15,37.01571511,127.8260043,5762,6984,Y,지하주차장,043-850-6282,중앙탑면사무소
473,문화동(럭키아파트),공공용,"충청북도 충주시 중원대로 3379 (문화동, 럭키문화아파트)",36.968558,127.9216636,2680,3248,Y,주차장,043-850-2486,문화동
474,금빛마을,공공용,충청북도 충주시 청운로 50 (지현동),36.96483056,127.9293714,1620,1963,Y,주차장,043-850-2474,지현동
475,칠금금릉(부영2차아파트),공공용,충청북도 충주시 칠금중앙로 30 (칠금동),36.9803053,127.917084,4092,4960,Y,지하주차장,043-850-2720,칠금금릉동
476,달천(신한강변APT 지하주차장),공공용,충청북도 충주시 풍동동막길 50,36.93960533,127.8993136,455,552,Y,지하주차장,043-850-2704,달천동
477,목행(삼진동산아파트),공공용,"충청북도 충주시 행정10길 36 (목행동, 충주삼진동산아파트)",37.01363396,127.919336,1082,1312,Y,주차장,043-850-2746,목행용탄주민센터
478,호암(진도아파트),공공용,"충청북도 충주시 호암중앙2로 27 (호암동, 진도아파트)",36.95579823,127.9399233,538,652,Y,지하주차장,043-850-8904,호암직동주민센터
479,호암(부강아파트),공공용,"충청북도 충주시 호암중앙2로 31 (호암동, 부강아파트)",36.95599324,127.9403299,1030,1248,Y,지하주차장,043-850-8904,호암직동주민센터
480,연수(부강아파트 주차장),공공용,"충청북도 충주시 후곡길 19 (연수동, 부강아파트상가)",36.99284264,127.9307321,2314,2847,Y,지하주차장,043-844-4106,아파트관리사무소
